OSEBuildingID,DataYear,BuildingType,PrimaryPropertyType,PropertyName,Address,City,State,ZipCode,TaxParcelIdentificationNumber,CouncilDistrictCode,Neighborhood,Latitude,Longitude,YearBuilt,NumberofBuildings,NumberofFloors,PropertyGFATotal,PropertyGFAParking,PropertyGFABuilding(s),ListOfAllPropertyUseTypes,LargestPropertyUseType,LargestPropertyUseTypeGFA,SecondLargestPropertyUseType,SecondLargestPropertyUseTypeGFA,ENERGYSTARScore,SiteEUI(kBtu/sf),SiteEUIWN(kBtu/sf),SourceEUI(kBtu/sf),SourceEUIWN(kBtu/sf),SiteEnergyUse(kBtu),SiteEnergyUseWN(kBtu),SteamUse(kBtu),Electricity(kWh),Electricity(kBtu),NaturalGas(therms),NaturalGas(kBtu),DefaultData,ComplianceStatus,TotalGHGEmissions,GHGEmissionsIntensity,Verified_Coordinates,Coordinates_Match,Latitude_err,Longitude_err
1,2016,NonResidential,Hotel,Mayflower park hotel,405 Olive way,Seattle,WA,98101.0,659000030,7,DOWNTOWN,47.6122,-122.33799,1927,1.0,12,88434,0,88434,Hotel,Hotel,88434.0,,,60.0,81.69999695,84.30000305,182.5,189.0,7226362.5,7456910.0,2003882.0,1156514.25,3946027.0,12764.5293,1276453.0,False,Compliant,249.98,2.83,"(47.61217, -122.33811)",False,-3.0000000002416982e-05,-0.00011999999999545707
2,2016,NonResidential,Hotel,Paramount Hotel,724 Pine street,Seattle,WA,98101.0,659000220,7,DOWNTOWN,47.61317,-122.33393,1996,1.0,11,103566,15064,88502,"Hotel, Parking, Restaurant",Hotel,83880.0,Parking,15064.0,61.0,94.80000305,97.90000153,176.1000061,179.3999939,8387933.0,8664479.0,0.0,950425.1875,3242851.0,51450.81641,5145082.0,False,Compliant,295.86,2.86,"(47.61313, -122.33359)",False,-3.999999999848569e-05,0.0003399999999942338
3,2016,NonResidential,Hotel,5673-The Westin Seattle,1900 5th Avenue,Seattle,WA,98101.0,659000475,7,DOWNTOWN,47.61393,-122.3381,1969,1.0,41,956110,196718,759392,Hotel,Hotel,756493.0,,,43.0,96.0,97.69999695,241.8999939,244.1000061,72587024.0,73937112.0,21566554.0,14515435.0,49526664.0,14938.0,1493800.0,False,Compliant,2089.28,2.19,"(47.61369, -122.33827)",False,-0.000240000000005125,-0.0001699999999971169
5,2016,NonResidential,Hotel,HOTEL MAX,620 STEWART ST,Seattle,WA,98101.0,659000640,7,DOWNTOWN,47.61412,-122.33664,1926,1.0,10,61320,0,61320,Hotel,Hotel,61320.0,,,56.0,110.8000031,113.3000031,216.1999969,224.0,6794584.0,6946800.5,2214446.25,811525.3125,2768924.0,18112.13086,1811213.0,False,Compliant,286.43,4.67,"(47.61429, -122.33658)",False,0.0001699999999971169,6.0000000004833964e-05
8,2016,NonResidential,Hotel,WARWICK SEATTLE HOTEL (ID8),401 LENORA ST,Seattle,WA,98121.0,659000970,7,DOWNTOWN,47.61375,-122.34047,1980,1.0,18,175580,62000,113580,"Hotel, Parking, Swimming Pool",Hotel,123445.0,Parking,68009.0,75.0,114.8000031,118.6999969,211.3999939,215.6000061,14172606.0,14656503.0,0.0,1573448.625,5368607.0,88039.98438,8803998.0,False,Compliant,505.01,2.88,"(47.61394, -122.34096)",False,0.00018999999999635975,-0.0004899999999992133
9,2016,Nonresidential COS,Other,West Precinct,810 Virginia St,Seattle,WA,98101.0,660000560,7,DOWNTOWN,47.61623,-122.33657,1999,1.0,2,97288,37198,60090,Police Station,Police Station,88830.0,,,,136.1000061,141.6000061,316.2999878,320.5,12086616.0,12581712.0,0.0,2160443.75,7371434.0,47151.81641,4715182.0,False,Compliant,301.81,3.1,"(47.61629, -122.33661)",False,5.999999999772854e-05,-3.999999999848569e-05
10,2016,NonResidential,Hotel,Camlin,1619 9th Avenue,Seattle,WA,98101.0,660000825,7,DOWNTOWN,47.6139,-122.33283,1926,1.0,11,83008,0,83008,Hotel,Hotel,81352.0,,,27.0,70.80000305,74.5,146.6000061,154.6999969,5758795.0,6062767.5,0.0,823919.875,2811215.0,29475.80078,2947580.0,False,Compliant,176.14,2.12,"(47.61394, -122.33286)",False,3.999999999848569e-05,-2.9999999995311555e-05
11,2016,NonResidential,Other,Paramount Theatre,911 Pine St,Seattle,WA,98101.0,660000955,7,DOWNTOWN,47.61327,-122.33136,1926,1.0,8,102761,0,102761,Other - Entertainment/Public Assembly,Other - Entertainment/Public Assembly,102761.0,,,,61.29999924,68.80000305,141.6999969,152.3000031,6298131.5,7067881.5,2276286.5,1065842.75,3636655.0,3851.890137,385189.0,False,Compliant,221.51,2.16,"(47.61324, -122.33136)",False,-3.0000000002416982e-05,0.0
12,2016,NonResidential,Hotel,311wh-Pioneer Square,612 2nd Ave,Seattle,WA,98104.0,939000080,7,DOWNTOWN,47.60294,-122.33263,1904,1.0,15,163984,0,163984,Hotel,Hotel,163984.0,,,43.0,83.69999695,86.59999847,180.8999939,187.1999969,13723820.0,14194054.0,0.0,2138897.75,7297919.0,64259.0,6425900.0,False,Compliant,392.16,2.39,"(47.60275, -122.33269)",False,-0.00018999999999635975,-6.0000000004833964e-05
13,2016,Multifamily MR (5-9),Mid-Rise Multifamily,Lyon Building,607 - 3rd Ave.,Seattle,WA,98104.0,939000105,7,DOWNTOWN,47.60284,-122.33184,1910,1.0,6,63712,1496,62216,Multifamily Housing,Multifamily Housing,56132.0,,,1.0,81.5,85.59999847,182.6999969,187.3999939,4573777.0,4807679.5,1039735.188,742091.1875,2532015.0,10020.25977,1002026.0,False,Compliant,151.12,2.37,"(47.60285, -122.33194)",False,9.999999996068709e-06,-0.00010000000000331966
15,2016,NonResidential,Hotel,Hotel Monaco Seattle,1101 4th Avenue,Seattle,WA,98101.0,942000145,7,DOWNTOWN,47.60695,-122.33414,1969,1.0,11,153163,19279,133884,Hotel,Hotel,133884.0,,,30.0,119.5999985,124.3000031,228.1999969,233.0,16016644.0,16646930.0,5237165.5,1813489.875,6187627.0,45918.5,4591850.0,False,Compliant,691.26,4.51,"(47.60692, -122.33411)",False,-2.9999999995311555e-05,3.000000000952241e-05
16,2016,NonResidential,Hotel,5679-W Seattle,1112 Fourth Avenue,Seattle,WA,98101.0,942000165,7,DOWNTOWN,47.60713,-122.33323,1998,1.0,25,333176,61161,272015,Hotel,Hotel,336640.0,,,36.0,80.0,80.40000153,199.0,199.3999939,26941110.0,27070114.0,5999360.5,5299838.5,18083049.0,28586.99805,2858700.0,False,Compliant,740.97,2.22,"(47.60649, -122.33329)",False,-0.0006399999999970873,-6.0000000004833964e-05
17,2016,NonResidential,Hotel,Executive Pacific Plaza,400 Spring Street,Seattle,WA,98104.0,942000210,7,DOWNTOWN,47.60699,-122.33346,1928,1.0,9,65009,0,65009,Hotel,Hotel,65009.0,,,48.0,101.5,97.80000305,153.6000061,149.8000031,6596057.5,6358719.5,1656352.5,393610.6875,1343000.0,35967.05078,3596705.0,False,Compliant,328.23,5.05,"(47.60709, -122.3333)",False,9.999999999621423e-05,0.00016000000000815362
18,2016,NonResidential,Hotel,Crowne Plaza Hotel Seattle,1113 6th Ave,Seattle,WA,98101.0,942000235,7,DOWNTOWN,47.60809,-122.33212,1980,1.0,33,315952,57600,258352,"Hotel, Parking",Hotel,295511.0,Parking,57600.0,58.0,75.5,76.19999695,179.8999939,180.6999969,22325364.0,22524948.0,4337738.5,4075083.0,13904183.0,40834.39844,4083440.0,False,Compliant,648.62,2.05,"(47.6081, -122.33212)",False,1.0000000003174137e-05,0.0
19,2016,NonResidential,Hotel,Hotel Vintage Seattle,1100 5th Avenue,Seattle,WA,98101.0,942000265,7,DOWNTOWN,47.60755,-122.33244,1922,1.0,11,92190,25200,66990,"Hotel, Parking",Hotel,67390.0,Parking,25200.0,35.0,159.5,165.8999939,297.3999939,303.8999939,10750010.0,11179203.0,4870847.5,1123203.125,3832369.0,20467.93359,2046793.0,False,Compliant,511.39,5.55,"(47.60755, -122.33228)",False,0.0,0.00016000000000815362
21,2016,Nonresidential COS,Other,The Seattle Public Library - Central Library,1000 Fourth Avenue,Seattle,WA,98154.0,942000275,7,DOWNTOWN,47.60649,-122.33297,2004,1.0,11,412000,57000,355000,"Data Center, Library, Parking",Library,364913.0,Parking,49000.0,,50.79999924,51.09999847,155.6000061,156.0,18588860.0,18706912.0,737559.5,5231916.0,17851297.0,0.0,0.0,False,Compliant,181.38,0.44,"(47.60671, -122.3327)",False,0.00021999999999877673,0.00027000000000043656
22,2016,NonResidential,Other,Downtown Seattle YMCA,909 4th Avenue,Seattle,WA,98104.0,942000350,7,DOWNTOWN,47.60546,-122.33279,1930,1.0,6,103911,0,103911,"Fitness Center/Health Club/Gym, Office, Swimming Pool",Fitness Center/Health Club/Gym,90000.0,Office,40000.0,,76.59999847,78.40000153,157.3999939,159.6000061,9956396.0,10192124.0,4592347.5,1305354.125,4453868.0,9101.799805,910180.0,False,Compliant,433.86,4.18,"(47.60563, -122.33274)",False,0.0001699999999971169,5.000000000165983e-05
23,2016,NonResidential,Hotel,Renaissance Seattle Hotel,515 Madison Street,Seattle,WA,98104.0,942000430,7,DOWNTOWN,47.60681,-122.33078,1983,1.0,28,416281,85000,331281,"Hotel, Parking",Hotel,348329.0,Parking,85000.0,31.0,96.30000305,98.59999847,228.5,232.8000031,33556756.0,34351920.0,0.0,6220773.0,21225277.0,123314.75,12331475.0,False,Compliant,802.89,1.93,"(47.60653, -122.33072)",False,-0.0002800000000036107,6.0000000004833964e-05
24,2016,NonResidential,Mixed Use Property,The Rainier Club,820 4th Ave.,Seattle,WA,98104.0,942000510,7,DOWNTOWN,47.60515,-122.33159,1907,1.0,5,57452,0,57452,"Office, Other, Other - Lodging/Residential, Restaurant, Social/Meeting Hall",Social/Meeting Hall,16442.0,Restaurant,15505.0,,132.3999939,137.1000061,280.7000122,285.0,7606084.5,7877219.0,1776201.875,1103397.125,3764791.0,20650.91211,2065091.0,False,Compliant,273.02,4.75,"(47.60531, -122.33166)",False,0.0001600000000010482,-6.999999999379725e-05
25,2016,NonResidential,Hotel,Arctic Club Seattle,700 3rd Ave,Seattle,WA,98104.0,942000610,7,DOWNTOWN,47.60376,-122.33194,1916,1.0,10,104352,0,104352,Hotel,Hotel,104352.0,,,39.0,97.30000305,97.30000305,225.5,225.5,10154608.0,10154608.0,3430862.0,1731644.125,5908370.0,8153.759766,815376.0,False,Compliant,349.32,3.35,"(47.60384, -122.33193)",False,7.999999999697138e-05,1.0000000003174137e-05
26,2016,NonResidential,Other,King County Courthouse,516 3RD AVE,Seattle,WA,98104.0,942000860,7,DOWNTOWN,47.60265,-122.33051,1916,1.0,10,540360,0,540360,Courthouse,Courthouse,537150.0,,,76.0,83.69999695,87.5,182.6999969,186.6999969,44984468.0,47023088.0,0.0,7138872.5,24357833.0,206266.3125,20626631.0,False,Compliant,1265.29,2.34,"(47.60264, -122.33053)",False,-9.999999996068709e-06,-1.9999999992137418e-05
27,2016,NonResidential,Other,King County Correctional Facility,500 5TH AVE,Seattle,WA,98104.0,942001010,3,DOWNTOWN,47.60378,-122.32842,1985,1.0,19,385274,0,385274,Other,Other,385274.0,,,,124.1999969,128.6000061,229.5,232.8999939,47859812.0,49539212.0,0.0,5351014.5,18257661.0,296021.5,29602150.0,False,Compliant,1699.45,4.41,"(47.6035, -122.32824)",False,-0.0002800000000036107,0.00018000000000029104
28,2016,SPS-District K-12,K-12 School,Graham Hill Elementary,5149 S. Graham St.,Seattle,WA,98118.0,1102000138,2,SOUTHEAST,47.54576,-122.26853,1961,1.0,2,56228,0,56228,K-12 School,K-12 School,58916.0,,,95.0,26.10000038,29.10000038,60.70000076,64.59999847,1539478.5,1713623.5,0.0,274605.9063,936955.0,6025.229004,602523.0,True,Error - Correct Default Data,38.53,0.69,"(47.54552, -122.26881)",False,-0.00023999999999801958,-0.0002800000000036107
29,2016,NonResidential,Hotel,WATERTOWN HOTEL,4242 ROOSEVELT WAY NE,Seattle,WA,98105.0,1142000755,4,NORTHEAST,47.65959,-122.31755,2001,1.0,6,88592,30586,58006,"Hotel, Parking",Hotel,58006.0,Parking,30586.0,84.0,63.20000076,63.29999924,148.0,148.5,3663534.5,3673186.75,0.0,664194.375,2266231.0,13973.03027,1397303.0,False,Compliant,90.01,1.02,"(47.65961, -122.31735)",False,1.9999999999242846e-05,0.00019999999999242846
30,2016,NonResidential,University,Main Campus Center,1000 Lenora St.,Seattle,WA,98121.0,660001420,7,DOWNTOWN,47.61816,-122.33629,1928,1.0,7,126593,0,126593,College/University,College/University,125000.0,,,,90.69999695,97.5,173.0,180.0,11343686.0,12183313.0,0.0,1362096.75,4647474.0,66962.10938,6696211.0,False,Compliant,388.04,3.07,"(47.61808, -122.33623)",False,-8.000000000407681e-05,6.0000000004833964e-05
31,2016,NonResidential,Other,Seattle Honda,1015 & 1017 Olive Way,Seattle,WA,98101.0,660001725,7,DOWNTOWN,47.615,-122.33081,1930,1.0,2,67224,0,67224,Automobile Dealership,Automobile Dealership,67224.0,,,,19.5,19.5,61.20000076,61.20000076,1310236.625,1310236.625,0.0,384008.3125,1310236.0,0.0,0.0,False,Compliant,9.13,0.14,"(47.61274, -122.33725)",False,-0.0022599999999997067,-0.006439999999997781
32,2016,NonResidential,Hotel,Homewood Suites,1011 Pike ST,Seattle,WA,98101.0,660001832,7,EAST,47.61301,-122.32929,1991,1.0,8,158676,30301,128375,"Hotel, Parking, Retail Store, Swimming Pool",Hotel,112676.0,Parking,42000.0,,45.5,46.29999924,58.0,58.79999924,5328051.5,5424942.0,0.0,167733.5,572307.0,47557.44922,4755745.0,False,Compliant,256.57,1.62,"(47.61296, -122.32954)",False,-5.000000000165983e-05,-0.0002499999999940883
33,2016,NonResidential,Hotel,Marriott Springhill Suites (33),1800 Yale Ave,Seattle,WA,98101.0,660002680,7,DOWNTOWN,47.61784,-122.32966,2001,1.0,10,171866,38281,133585,Hotel,Hotel,128909.0,,,57.0,85.80000305,86.69999695,181.1000061,180.6000061,11061916.0,11171407.0,0.0,1644403.75,5610706.0,54512.09766,5451210.0,False,Compliant,328.63,1.91,"(47.61784, -122.32966)",True,0.0,0.0
34,2016,SPS-District K-12,K-12 School,Meany Building,301/300 21st Ave. E.,Seattle,WA,98112.0,688000090,3,Central,47.62266,-122.30547,1955,1.0,1,126351,0,126351,K-12 School,K-12 School,126351.0,,,,0.0,0.0,0.0,0.0,0.0,0.0,0.0,0.0,0.0,0.0,0.0,False,Missing Data,0.0,0.0,"(47.63463, -122.30449)",False,0.011969999999998038,0.0009799999999984266
35,2016,NonResidential,Hotel,Hotel Five,2200 5th ave,Seattle,WA,98121.0,697000170,7,DOWNTOWN,47.61558,-122.34186,1978,1.0,5,68410,16200,52210,Hotel,Hotel,47994.0,,,57.0,92.90000153,95.0,199.6999969,206.3000031,4456714.5,4557974.0,0.0,687675.625,2346349.0,21103.65039,2110365.0,False,Compliant,128.44,1.88,"(47.61548, -122.34177)",False,-0.00010000000000331966,9.000000000014552e-05
36,2016,SPS-District K-12,K-12 School,Jane Addams Middle,11051 34th Ave. N.E.,Seattle,WA,98125.0,752000170,5,NORTH,47.70994,-122.29301,1949,1.0,2,160645,0,160645,K-12 School,K-12 School,164229.0,,,75.0,41.29999924,47.5,68.09999847,75.69999695,6779173.0,7800349.5,0.0,570809.1875,1947601.0,48315.71875,4831572.0,True,Error - Correct Default Data,270.18,1.68,,False,,
37,2016,SPS-District K-12,K-12 School,John Hay Elementary,201 Garfield St.,Seattle,WA,98109.0,809000005,7,MAGNOLIA / QUEEN ANNE,47.6329,-122.35172,1989,1.0,2,51582,0,51582,K-12 School,K-12 School,55166.0,,,,0.0,0.0,0.0,0.0,0.0,0.0,0.0,438691.6875,1496816.0,0.0,0.0,False,Missing Data,10.43,0.2,"(47.63275, -122.352)",False,-0.00014999999999787406,-0.0002800000000036107
38,2016,NonResidential,Small- and Mid-Sized Office,Good Shepherd Center,4649 Sunnyside Ave. N.,Seattle,WA,98070.0,825049008,4,LAKE UNION,47.6641,-122.33118,1906,1.0,3,87262,0,87262,"K-12 School, Multifamily Housing, Office, Other - Entertainment/Public Assembly",Office,40943.0,K-12 School,18153.0,,61.5,69.80000305,106.5,115.9000015,4145920.5,4703690.0,0.0,396495.6875,1352843.0,27930.77148,2793077.0,False,Compliant,157.77,1.81,"(47.66427, -122.33119)",False,0.00017000000000422233,-1.0000000003174137e-05
40,2016,NonResidential,Hotel,Silver Cloud University,5036 25th Ave NE,Seattle,WA,98105.0,925049117,4,NORTHEAST,47.66583,-122.29965,1994,1.0,4,81871,0,81871,Hotel,Hotel,81871.0,,,29.0,81.5,82.19999695,162.5,164.8999939,6668568.5,6731281.5,0.0,884056.0,3016399.0,36521.69141,3652169.0,False,Compliant,215.0,2.63,"(47.66586, -122.29952)",False,3.0000000002416982e-05,0.0001299999999986312
41,2016,NonResidential,Self-Storage Facility,08781-University Village,2746 Ne 45th St Suite 100,Seattle,WA,98105.0,925049330,4,NORTHEAST,47.66172,-122.29598,1955,1.0,2,110356,0,110356,Self-Storage Facility,Self-Storage Facility,26225.0,,,,12.10000038,12.39999962,35.20000076,35.5,318364.8125,326223.0938,0.0,82434.0,281265.0,371.0,37100.0,False,Compliant,3.93,0.04,,False,,
43,2016,Campus,Mixed Use Property,Plant 2 Site,7755 E MARGINAL WAY S,Seattle,WA,98108.0,22000005,2,GREATER DUWAMISH,47.53493,-122.31788,1992,1.0,3,494835,0,494835,"Energy/Power Station, Laboratory, Manufacturing/Industrial Plant, Non-Refrigerated Warehouse, Office",Office,757027.0,Laboratory,639931.0,8.0,221.6999969,233.1000061,388.2000122,400.2999878,448385312.0,471613856.0,0.0,44102076.0,150476283.0,2979090.0,297909000.0,False,Compliant,16870.98,34.09,"(47.53418, -122.31437)",False,-0.0007500000000035811,0.0035100000000056752
46,2016,NonResidential,Warehouse,Seattle 11-13,3301 S NORFOLK ST,Seattle,WA,98118.0,323049024,2,GREATER DUWAMISH,47.51138,-122.28875,1961,3.0,2,714095,0,714095,"Non-Refrigerated Warehouse, Office, Refrigerated Warehouse",Non-Refrigerated Warehouse,616000.0,Refrigerated Warehouse,276000.0,,46.40000153,45.79999924,145.8999939,143.8000031,44731160.0,44110016.0,0.0,13109951.0,44731153.0,0.0,0.0,False,Compliant,311.84,0.44,"(47.51391, -122.2538)",False,0.0025300000000001432,0.03494999999999493
50,2016,SPS-District K-12,K-12 School,Lawton Elementary,4000 27th Ave. W.,Seattle,WA,98199.0,369000400,7,MAGNOLIA / QUEEN ANNE,47.65671,-122.39047,1990,1.0,2,54986,0,54986,K-12 School,K-12 School,54986.0,,,97.0,30.0,32.79999924,77.80000305,83.19999695,1650279.25,1802471.375,0.0,356855.0,1217589.0,4326.897461,432690.0,False,Compliant,31.47,0.57,"(47.657, -122.39051)",False,0.0002899999999996794,-4.0000000012696546e-05
51,2016,SPS-District K-12,K-12 School,Eckstein Middle,3003 N.E. 75th St.,Seattle,WA,98115.0,425049022,4,NORTHEAST,47.68252,-122.29498,1950,1.0,2,175565,0,175565,K-12 School,K-12 School,182861.0,,,88.0,35.0,40.09999847,55.0,60.40000153,6399127.5,7329817.5,0.0,468840.5,1599684.0,47994.43359,4799443.0,True,Error - Correct Default Data,266.05,1.52,"(47.60383, -122.33006)",False,-0.0786899999999946,-0.03508000000000777
52,2016,NonResidential,Small- and Mid-Sized Office,SBC52,5305 Shilshole Ave NW,Seattle,WA,98107.0,467000429,6,BALLARD,47.66587,-122.38476,1961,1.0,2,94900,0,94900,"Non-Refrigerated Warehouse, Office",Office,55586.0,Non-Refrigerated Warehouse,39314.0,57.0,65.19999695,68.90000153,163.0,165.8999939,6186461.5,6536359.5,0.0,1257791.75,4291585.0,18948.75977,1894876.0,False,Compliant,130.56,1.38,"(47.66542, -122.3856)",False,-0.0004500000000007276,-0.0008399999999966212
53,2016,NonResidential,Small- and Mid-Sized Office,El Centro de la Raza,2524 16th Ave S,Seattle,WA,98144.0,570000340,2,GREATER DUWAMISH,47.58034,-122.31132,1900,1.0,2,52554,0,52554,"Office, Other - Education",Office,51029.0,Other - Education,7849.0,83.0,50.09999847,53.5,108.6999969,112.3000031,2951331.25,3150635.5,0.0,462998.0,1579749.0,13715.82031,1371582.0,False,Compliant,83.86,1.6,"(47.58016, -122.31119)",False,-0.00018000000000029104,0.0001299999999986312
54,2016,NonResidential,K-12 School,Blanchet High School,8200 Wallingford Ave. N,Seattle,WA,98103.0,625049002,6,NORTHWEST,47.68891,-122.33553,1954,1.0,3,175015,0,175015,K-12 School,K-12 School,175015.0,,,95.0,40.0,45.09999847,74.0,80.40000153,6994740.5,7886505.5,0.0,785386.6875,2679739.0,43150.00781,4315001.0,False,Compliant,247.85,1.42,"(47.6898, -122.33478)",False,0.0008899999999982811,0.0007500000000106866
55,2016,NonResidential,Self-Storage Facility,Vine Street,11 Vine Street,Seattle,WA,98121.0,653000225,7,DOWNTOWN,47.61351,-122.35129,1911,1.0,3,70586,0,70586,"Office, Self-Storage Facility, Vocational School",Self-Storage Facility,38439.0,Vocational School,28197.0,,30.60000038,33.09999847,76.59999847,79.19999695,2158629.0,2331573.25,0.0,439691.9063,1500229.0,6584.0,658400.0,False,Compliant,45.43,0.64,"(47.61366, -122.35151)",False,0.00015000000000497948,-0.00021999999999877673
56,2016,NonResidential,Hotel,Seattle Hilton Hotel,1301 Sixth Ave,Seattle,WA,98101.0,1975700040,7,DOWNTOWN,47.60946,-122.33337,1969,1.0,24,332210,205970,126240,Hotel,Hotel,348630.0,,,67.0,46.40000153,46.40000153,121.8000031,121.8000031,16163194.0,16163194.0,0.0,3576906.75,12204406.0,39587.86719,3958787.0,False,Compliant,295.33,0.89,,False,,
57,2016,NonResidential,Large Office,5th and Pine,413 Pine Street,Seattle,WA,98101.0,1975700200,7,DOWNTOWN,47.6113,-122.33659,1973,1.0,5,168115,0,168115,"Data Center, Office, Retail Store",Office,103362.0,Retail Store,65676.0,78.0,56.29999924,56.29999924,176.6000061,176.6000061,9536161.0,9536161.0,0.0,2794888.75,9536160.0,0.0,0.0,False,Compliant,66.48,0.4,"(47.61124, -122.33663)",False,-5.999999999772854e-05,-3.999999999848569e-05
58,2016,NonResidential,Other,1525 4th Avenue,1525 4th Ave,Seattle,WA,98101.0,1975700365,7,DOWNTOWN,47.61076,-122.33765,1920,1.0,2,57428,0,57428,"Other - Mall, Personal Services (Health/Beauty, Dry Cleaning, etc)",Other - Mall,51747.0,"Personal Services (Health/Beauty, Dry Cleaning, etc)",5681.0,,21.70000076,21.60000038,48.79999924,48.40000153,1247362.0,1239429.75,0.0,209536.5938,714939.0,5324.230469,532423.0,False,Compliant,33.26,0.58,"(47.61072, -122.33761)",False,-3.999999999848569e-05,3.999999999848569e-05
59,2016,NonResidential,Small- and Mid-Sized Office,Gibraltar Tower,1520 3rd Ave,Seattle,WA,98101.0,1975700380,7,DOWNTOWN,47.61048,-122.33794,1910,1.0,8,59400,0,59400,"Office, Retail Store",Office,34947.0,Retail Store,4993.0,14.0,85.40000153,88.30000305,398.7000122,412.2000122,5071974.0,5242479.5,0.0,1486510.375,5071973.0,0.0,0.0,False,Compliant,35.36,0.6,"(47.61046, -122.33797)",False,-1.9999999999242846e-05,-2.9999999995311555e-05
60,2016,NonResidential,Mixed Use Property,Mann Building,1401 3rd Avenue,Seattle,WA,98101.0,1975700525,7,DOWNTOWN,47.60886,-122.33744,1926,1.0,2,52549,0,52549,"Office, Other - Entertainment/Public Assembly, Restaurant",Other - Entertainment/Public Assembly,23500.0,Restaurant,23500.0,,286.3999939,299.0,485.2999878,495.5,15026196.0,15683742.0,0.0,1357696.125,4632459.0,103937.3672,10393737.0,False,Compliant,584.31,11.12,"(47.60878, -122.3372)",False,-7.999999999697138e-05,0.000240000000005125
62,2016,NonResidential,Hotel,Roosevelt Hotel,1531 7th Ave,Seattle,WA,98101.0,1976700010,7,DOWNTOWN,47.61233,-122.33432,1930,1.0,20,98634,10043,88591,"Hotel, Parking, Restaurant",Hotel,83591.0,Parking,10043.0,71.0,54.59999847,57.29999924,158.6000061,167.0,4841347.5,5078816.0,0.0,1257344.25,4290059.0,5512.879883,551288.0,False,Compliant,59.19,0.6,"(47.61229, -122.33442)",False,-3.999999999848569e-05,-9.99999999891088e-05
63,2016,NonResidential,Hotel,Sheraton Seattle Hotel,1400 6th Avenue,Seattle,WA,98101.0,1976700095,7,DOWNTOWN,47.61087,-122.33339,1982,1.0,34,994212,146694,847518,"Hotel, Parking, Swimming Pool",Hotel,994212.0,Parking,117668.0,63.0,80.90000153,82.80000305,182.5,184.5,80469216.0,82318072.0,11598686.0,13348631.0,45545529.0,233249.9219,23324992.0,False,Compliant,2451.58,2.47,"(47.61053, -122.33326)",False,-0.00034000000000133923,0.0001299999999986312
65,2016,NonResidential,Hotel,Inn at the Market,86 Pine St,Seattle,WA,98101.0,1977200050,7,DOWNTOWN,47.60997,-122.34138,1985,1.0,7,71150,0,71150,"Hotel, Parking, Restaurant, Retail Store",Hotel,41340.0,Parking,13730.0,98.0,93.09999847,93.09999847,215.8999939,215.8999939,5348309.0,5348309.0,0.0,950732.8125,3243900.0,21044.08008,2104408.0,False,Compliant,134.38,1.89,"(47.6099, -122.34132)",False,-6.999999999379725e-05,6.0000000004833964e-05
66,2016,NonResidential,Hotel,Moore Hotel INC,1926 2nd Ave,Seattle,WA,98101.0,1977201035,7,DOWNTOWN,47.61155,-122.34114,1908,1.0,7,122810,0,122810,"Hotel, Other - Entertainment/Public Assembly, Retail Store",Hotel,88360.0,Other - Entertainment/Public Assembly,26450.0,99.0,44.0,49.59999847,68.19999695,74.09999847,5401277.5,6088417.5,0.0,379121.0938,1293561.0,41077.16016,4107716.0,False,Compliant,227.18,1.85,"(47.61165, -122.34096)",False,9.999999999621423e-05,0.00018000000000029104
67,2016,NonResidential,Hotel,QUALITY INN,618 JOHN ST,Seattle,WA,98109.0,1991200730,7,LAKE UNION,47.61986,-122.34413,1959,1.0,5,113173,42546,70627,"Hotel, Parking",Hotel,70627.0,Parking,42546.0,86.0,74.80000305,76.90000153,165.6999969,172.1000061,5284343.5,5428403.5,0.0,863036.3125,2944680.0,23396.62891,2339663.0,False,Compliant,144.79,1.28,"(47.62031, -122.34416)",False,0.0004500000000007276,-2.9999999995311555e-05
68,2016,NonResidential,Hotel,Rainier Hospitality,211 Dexter Ave N,Seattle,WA,98109.0,1991200935,7,LAKE UNION,47.62001,-122.34274,2000,1.0,7,150453,34735,115718,Hotel,Hotel,107547.0,Restaurant,3000.0,84.0,60.70000076,61.79999924,128.0,129.8000031,6715187.0,6835263.5,0.0,995342.5,3396109.0,33190.77734,3319078.0,False,Compliant,199.95,1.33,"(47.62033, -122.3428)",False,0.0003200000000020964,-5.999999999062311e-05
69,2016,NonResidential,Hotel,Sequim Lodging Corp,226 Aurora Ave N,Seattle,WA,98109.0,1991200940,7,LAKE UNION,47.62025,-122.34314,1997,1.0,6,116300,28200,88100,Hotel,Hotel,88490.0,Parking,28300.0,80.0,65.90000153,67.09999847,144.5,147.1000061,5827595.5,5941927.0,0.0,934483.3125,3188457.0,26391.38086,2639138.0,False,Compliant,162.39,1.4,"(47.62021, -122.34326)",False,-3.999999999848569e-05,-0.00011999999999545707
70,2016,NonResidential,Hotel,Homewood Suites by Hilton Seattle Downtonw,206 Western Ave West,Seattle,WA,98119.0,1992200235,7,MAGNOLIA / QUEEN ANNE,47.62023,-122.35951,1998,1.0,6,155602,36744,118858,Hotel,Hotel,155602.0,,,81.0,43.90000153,44.0,107.4000015,107.5999985,6836900.0,6849826.5,0.0,1336148.125,4558937.0,22779.61914,2277962.0,False,Compliant,152.76,0.98,"(47.62039, -122.35972)",False,0.0001600000000010482,-0.0002099999999956026
73,2016,NonResidential,K-12 School,Seattle Hebrew Academy,1617 Interlaken Drive East,Seattle,WA,98136.0,2125049015,3,EAST,47.63442,-122.30793,1911,1.0,3,56072,0,56072,K-12 School,K-12 School,56072.0,,,76.0,57.70000076,67.80000305,81.09999847,92.69999695,3234787.75,3800842.5,0.0,161743.0938,551867.0,26829.20117,2682920.0,False,Compliant,146.34,2.61,"(47.63447, -122.30845)",False,5.000000000165983e-05,-0.0005199999999945248
77,2016,NonResidential,Hotel,Comfort Suites Seattle Center,601 Roy St,Seattle,WA,98109.0,2249000170,7,MAGNOLIA / QUEEN ANNE,47.62519,-122.34456,1999,1.0,4,122942,44891,78051,"Hotel, Parking",Hotel,78051.0,Parking,44891.0,94.0,68.40000153,69.0,136.6999969,138.6999969,5337334.0,5387530.0,0.0,710354.5,2423730.0,29136.03906,2913604.0,False,Compliant,171.64,1.4,"(47.62496, -122.34458)",False,-0.00023000000000195087,-1.9999999992137418e-05
82,2016,NonResidential,Small- and Mid-Sized Office,Dept of Social & Health Services,1700 E. Cherry St,Seattle,WA,98122.0,2254501944,3,CENTRAL,47.60823,-122.30956,1962,1.0,2,54984,0,54984,Office,Office,54984.0,,,71.0,61.40000153,66.0,139.6000061,144.5,3375211.0,3630147.25,0.0,579786.0,1978230.0,13969.80957,1396981.0,False,Compliant,87.98,1.6,"(47.60841, -122.30932)",False,0.00018000000000029104,0.000240000000005125
84,2016,NonResidential,Senior Care Community,PSSA - The Mount,4831 35th Ave SW,Seattle,WA,98126.0,2324039001,1,SOUTHWEST,47.55837,-122.37751,1922,1.0,5,217603,0,217603,"Parking, Senior Care Community",Senior Care Community,296313.0,Parking,0.0,54.0,144.3999939,153.6999969,235.0,244.8000031,42792072.0,45547252.0,0.0,3465642.5,11824772.0,309673.0,30967300.0,False,Compliant,1727.11,7.94,"(47.55837, -122.37735)",False,0.0,0.00015999999999394277
85,2016,NonResidential,Senior Care Community,Foss Home and Village,13023 Greenwood Ave. N,Seattle,WA,98133.0,2426039059,5,NORTHWEST,47.72426,-122.35599,1970,1.0,2,93397,0,93397,Senior Care Community,Senior Care Community,93397.0,,,1.0,175.6000061,181.6000061,311.5,320.0,16402563.0,16959754.0,0.0,1664565.75,5679498.0,107230.6406,10723064.0,False,Compliant,609.1,6.52,"(47.72394, -122.35632)",False,-0.0003200000000020964,-0.00032999999999105967
86,2016,NonResidential,Hotel,SCCA - ALLIANCE HOUSE,207 Pontius Ave N,Seattle,WA,98109.0,2467400430,7,LAKE UNION,47.61988,-122.33211,2008,1.0,6,84103,20732,63371,"Hotel, Parking",Hotel,63371.0,Parking,20732.0,74.0,58.5,59.79999924,154.1999969,156.6999969,3706100.25,3787499.0,0.0,824351.625,2812688.0,8934.120117,893412.0,False,Compliant,67.06,0.8,"(47.61997, -122.33207)",False,9.000000000014552e-05,3.999999999848569e-05
87,2016,SPS-District K-12,K-12 School,Arbor Heights Elementary,3701 S.W. 104th St.,Seattle,WA,98146.0,2518400005,1,SOUTHWEST,47.5097,-122.37759,1948,1.0,2,53352,0,53352,K-12 School,K-12 School,65568.0,,,,0.0,0.0,0.0,0.0,0.0,0.0,0.0,176088.0938,600813.0,0.0,0.0,False,Missing Data,4.19,0.08,"(47.60383, -122.33006)",False,0.09412999999999982,0.04752999999999474
89,2016,NonResidential,Medical Office,Polyclinic North && South,1200 Harvard Ave,Seattle,WA,98122.0,1978201270,3,EAST,47.61244,-122.3214,1965,0.0,3,179014,0,179014,Medical Office,Medical Office,179014.0,,,48.0,93.30000305,92.30000305,213.3999939,210.3000031,16701055.0,16527711.0,0.0,2897562.75,9886484.0,68145.70313,6814570.0,False,Compliant,430.84,2.41,"(47.61243, -122.32127)",False,-9.999999996068709e-06,0.0001299999999986312
95,2016,NonResidential,Hotel,Sorrento Hotel,900 Madison St.,Seattle,WA,98104.0,1979200270,3,EAST,47.60898,-122.32693,1908,1.0,7,76631,0,76631,Hotel,Hotel,76631.0,,,71.0,94.69999695,94.59999847,172.0,171.6999969,7258758.5,7250730.5,0.0,779819.0,2660742.0,45980.16016,4598016.0,False,Compliant,262.75,3.43,"(47.60895, -122.32694)",False,-3.0000000002416982e-05,-9.999999988963282e-06
96,2016,NonResidential,Mixed Use Property,Central Seattle,921 Terry Ave.,Seattle,WA,98104.0,1979200290,3,EAST,47.60845,-122.32637,1983,1.0,6,99780,9341,90439,"Data Center, Medical Office, Non-Refrigerated Warehouse, Office, Other, Parking",Medical Office,40174.0,Parking,20868.0,,204.5,207.3000031,505.7999878,504.2999878,15473117.0,15684371.0,5327802.5,2973421.25,10145313.0,0.0,0.0,False,Compliant,481.97,4.83,"(47.60845, -122.32643)",False,0.0,-6.0000000004833964e-05
98,2016,NonResidential,Retail Store,Firestone Store#012432,400 Westlake Ave N,Seattle,WA,98109.0,1983200230,7,LAKE UNION,47.62237,-122.33805,1929,1.0,2,58320,0,58320,Retail Store,Retail Store,72072.0,,,96.0,14.60000038,17.20000076,25.79999924,28.79999924,1049748.625,1243027.75,0.0,106038.5,361803.0,6879.452148,687945.0,False,Compliant,39.06,0.67,"(47.62237, -122.33806)",False,0.0,-1.0000000003174137e-05
100,2016,NonResidential,Large Office,City Place III - SEDO,551 Boren Ave. North,Seattle,WA,98109.0,1983200325,7,LAKE UNION,47.62424,-122.33646,2010,1.0,5,316306,0,316306,"Office, Other, Parking, Retail Store",Office,261826.0,Parking,150726.0,96.0,48.0,48.40000153,144.0,144.3999939,13795954.0,13909270.0,0.0,3772301.0,12871091.0,9248.610352,924861.0,False,Compliant,138.85,0.44,"(47.62426, -122.3365)",False,1.9999999999242846e-05,-3.999999999848569e-05
102,2016,NonResidential,Hotel,Residence Inn Seattle - Lake Union,800 Fairview Ave. N,Seattle,WA,98109.0,1984200065,3,LAKE UNION,47.62642,-122.33325,1990,1.0,7,282863,44766,238097,"Hotel, Parking",Hotel,235788.0,Parking,51537.0,37.0,82.5,85.59999847,184.0,189.1999969,19459304.0,20194606.0,0.0,3218245.0,10980652.0,84786.50781,8478651.0,False,Compliant,526.85,1.86,"(47.62653, -122.33329)",False,0.00010999999999938836,-3.999999999848569e-05
103,2016,Nonresidential COS,Other,Key Arena,334 1st Ave. N,Seattle,WA,98109.0,1985200003,7,MAGNOLIA / QUEEN ANNE,47.62208,-122.35398,1962,1.0,1,389000,0,389000,Other,Other,368000.0,,,,64.30000305,64.5,151.6000061,152.1000061,23658978.0,23736924.0,6093150.0,4226010.0,14419146.0,6886.799805,688680.0,False,Compliant,607.41,1.56,"(47.6219, -122.35399)",False,-0.00018000000000029104,-9.999999988963282e-06
104,2016,Nonresidential COS,Other,Bagley Wright Theatre,151 Mercer St.,Seattle,WA,98109.0,1985200003,7,MAGNOLIA / QUEEN ANNE,47.62208,-122.35398,1962,1.0,1,91213,0,91213,Other,Other,65000.0,,,,125.1999969,125.9000015,261.7000122,265.3999939,8141155.5,8181881.0,4120130.0,1100268.125,3754115.0,0.0,0.0,False,Compliant,344.2,3.77,"(47.62449, -122.35474)",False,0.002410000000004686,-0.0007599999999996498
106,2016,Nonresidential COS,Other,Armory,305 Harrison St.,Seattle,WA,98109.0,1985200305,7,MAGNOLIA / QUEEN ANNE,47.62208,-122.35398,1938,1.0,5,396085,0,396085,Other,Other,278500.0,,,,75.19999695,76.30000305,138.1000061,140.0,20955026.0,21257836.0,9763690.0,2125534.75,7252325.0,0.0,0.0,False,Compliant,804.2,2.03,"(47.62146, -122.35099)",False,-0.0006199999999978445,0.0029900000000111504
107,2016,NonResidential,Large Office,City Place IV - SEDO,333 Boren Ave. N.,Seattle,WA,98109.0,1986200410,7,LAKE UNION,47.62112,-122.33629,2010,1.0,12,571329,0,571329,"Office, Other, Parking",Office,598801.0,Parking,310699.0,91.0,63.40000153,64.19999695,174.1999969,176.3999939,39605888.0,40153432.0,0.0,9439097.0,32206199.0,73996.85156,7399685.0,False,Compliant,617.52,1.08,"(47.62125, -122.33625)",False,0.00013000000000573664,3.999999999848569e-05
110,2016,Nonresidential COS,Other,Exhibition Hall,225 Mercer St.,Seattle,WA,98109.0,1988200440,7,MAGNOLIA / QUEEN ANNE,47.62395,-122.35077,1962,1.0,2,52000,0,52000,Other,Other,52000.0,,,,52.40000153,51.59999847,110.4000015,109.5,2726369.0,2682242.75,1202380.0,379058.9063,1293349.0,0.0,0.0,False,Compliant,101.83,1.96,"(47.62421, -122.35165)",False,0.0002599999999972624,-0.0008800000000093178
111,2016,Nonresidential COS,Other,Mercer Arena,363 Mercer St.,Seattle,WA,98109.0,1988200700,7,MAGNOLIA / QUEEN ANNE,47.62395,-122.35077,1928,1.0,1,60696,0,60696,Other,Other,108000.0,,,,8.100000381,8.100000381,25.5,25.5,875943.3125,875943.3125,0.0,256724.2969,875943.0,0.0,0.0,False,Compliant,6.11,0.1,"(47.624, -122.34945)",False,5.000000000165983e-05,0.0013199999999926604
112,2016,Nonresidential COS,Other,McCaw Hall,321 Mercer St.,Seattle,WA,98109.0,1988200700,7,MAGNOLIA / QUEEN ANNE,47.62395,-122.35143,1928,1.0,2,262048,0,262048,Other,Other,296000.0,,,,70.0,70.30000305,171.1999969,175.1999969,20723248.0,20823520.0,5137220.0,3960341.75,13512686.0,0.0,0.0,False,Compliant,490.73,1.87,"(47.62398, -122.35039)",False,3.0000000002416982e-05,0.0010399999999890497
113,2016,NonResidential,Small- and Mid-Sized Office,KCTS9,401 Mercer St,Seattle,WA,98109.0,1988200705,7,MAGNOLIA / QUEEN ANNE,47.62391,-122.34837,1986,0.0,2,66240,2352,63888,"Data Center, Distribution Center, Office, Parking, Retail Store",Office,45900.0,Data Center,5181.0,,74.90000153,75.40000153,235.1999969,236.6000061,4166306.25,4192107.75,0.0,1221074.25,4166305.0,0.0,0.0,False,Compliant,29.04,0.44,"(47.62397, -122.34836)",False,5.999999999772854e-05,1.0000000003174137e-05
114,2016,NonResidential,Large Office,Bill and Melinda Gates Foundation,500 5th Ave N,Seattle,WA,98109.0,1988201155,7,MAGNOLIA / QUEEN ANNE,47.62419,-122.34443,2010,1.0,6,920598,303707,616891,"Office, Other, Parking",Office,729584.0,Parking,185014.0,93.0,49.79999924,51.79999924,130.8000031,131.6000061,36667044.0,38105108.0,0.0,8088294.5,27597261.0,90697.79688,9069780.0,False,Compliant,674.09,0.73,"(47.62324, -122.34619)",False,-0.0009499999999960096,-0.0017600000000044247
115,2016,NonResidential,Small- and Mid-Sized Office,J.G. Scripps Building,221 1st Ave. W,Seattle,WA,98033.0,1989200850,7,MAGNOLIA / QUEEN ANNE,47.62053,-122.35842,1970,1.0,4,76213,25930,50283,"Office, Other, Parking",Office,48546.0,Parking,21454.0,68.0,68.19999695,71.59999847,192.3999939,196.0,3476212.5,3647345.75,0.0,863039.875,2944692.0,5315.200195,531520.0,False,Compliant,48.76,0.64,"(47.62054, -122.35844)",False,9.999999996068709e-06,-2.0000000006348273e-05
116,2016,NonResidential,Hotel,MEDITERRANEAN INN (ID#116),425 queen anne ave N.,Seattle,WA,98109.0,1989201125,7,MAGNOLIA / QUEEN ANNE,47.62291,-122.35708,2002,1.0,6,96910,36934,59976,"Hotel, Parking",Hotel,59976.0,Parking,36934.0,56.0,86.0,87.90000153,182.1999969,188.3999939,5155568.5,5274523.0,0.0,772863.625,2637011.0,25185.58008,2518558.0,False,Compliant,152.14,1.57,"(47.62304, -122.35694)",False,0.00013000000000573664,0.00014000000000180535
117,2016,NonResidential,Hotel,UNIVERSITY INN,4140 ROOSEVELT WAY NE,Seattle,WA,98105.0,1142001871,4,NORTHEAST,47.65772,-122.31756,1962,2.0,4,50017,0,50017,"Hotel, Swimming Pool",Hotel,50017.0,Swimming Pool,0.0,53.0,108.9000015,110.5,203.3000031,205.8000031,5448975.0,5528580.5,0.0,623770.6875,2128306.0,33206.69141,3320669.0,False,Compliant,191.2,3.82,"(47.65775, -122.31752)",False,3.0000000002416982e-05,3.999999999848569e-05
118,2016,SPS-District K-12,K-12 School,Pathfinder K-8,1901 SW Genesee St.,Seattle,WA,98106.0,1324039116,1,DELRIDGE,47.5636,-122.358,1999,1.0,3,74468,0,74468,K-12 School,K-12 School,75364.0,,,,0.0,0.0,0.0,0.0,0.0,0.0,0.0,497706.8125,1698176.0,0.0,0.0,False,Missing Data,11.84,0.16,"(47.56325, -122.35794)",False,-0.00035000000000451337,6.0000000004833964e-05
119,2016,NonResidential,K-12 School,St. Joseph K-8 School,700 18th Ave. E.,Seattle,WA,98112.0,1336800825,3,EAST,47.62548,-122.30828,1923,1.0,3,67743,0,67743,K-12 School,K-12 School,67743.0,,,34.0,39.09999847,44.79999924,82.30000305,89.30000305,2646879.0,3036464.0,0.0,392082.5938,1337786.0,13090.93066,1309093.0,False,Compliant,78.85,1.16,"(47.62571, -122.30801)",False,0.00022999999999484544,0.00027000000000043656
120,2016,NonResidential,K-12 School,Holy Names Academy,728 21st Ave East,Seattle,WA,98112.0,1338800660,3,EAST,47.62644,-122.30429,1908,1.0,6,194104,0,194104,K-12 School,K-12 School,194104.0,,,100.0,32.0,37.09999847,54.0,60.09999847,6219841.5,7204080.0,0.0,553309.6875,1887893.0,43319.48828,4331949.0,False,Compliant,243.23,1.25,"(47.62608, -122.30418)",False,-0.0003600000000005821,0.00010999999999228294
121,2016,NonResidential,Small- and Mid-Sized Office,2100 Building,2100 24th Ave S,Seattle,WA,98144.0,1498303116,3,SOUTHEAST,47.58408,-122.30125,2003,1.0,3,99433,35752,63681,"Office, Parking",Office,63681.0,Parking,35752.0,63.0,76.90000153,78.19999695,241.5,245.6000061,4897760.0,4980737.5,0.0,1435451.25,4897760.0,0.0,0.0,False,Compliant,34.14,0.34,"(47.58419, -122.30125)",False,0.00010999999999938836,0.0
122,2016,SPS-District K-12,K-12 School,John Muir Elementary,3301 S. Horton St.,Seattle,WA,98144.0,1524049002,2,SOUTHEAST,47.57324,-122.29058,1991,1.0,2,58933,0,58933,K-12 School,K-12 School,60725.0,,,,0.0,0.0,0.0,0.0,0.0,0.0,0.0,687906.875,2347138.0,0.0,0.0,False,Missing Data,16.36,0.28,"(47.57347, -122.29075)",False,0.00023000000000195087,-0.0001699999999971169
125,2016,SPS-District K-12,K-12 School,Mercer International Middle,1600 Columbian Way S.,Seattle,WA,98108.0,1624049214,2,GREATER DUWAMISH,47.56413,-122.31208,1957,1.0,1,130862,0,130862,K-12 School,K-12 School,134446.0,,,61.0,48.0,54.29999924,85.59999847,93.5,6456026.0,7300977.5,0.0,663194.5,2262820.0,41932.06641,4193207.0,True,Error - Correct Default Data,238.48,1.82,"(47.56413, -122.31208)",True,0.0,0.0
127,2016,SPS-District K-12,K-12 School,Orca K-8 School,5215 46th Ave. S.,Seattle,WA,98118.0,1704900242,2,SOUTHEAST,47.55478,-122.27596,1989,1.0,3,59955,0,59955,K-12 School,K-12 School,59955.0,,,93.0,27.20000076,29.20000076,78.69999695,83.0,1633399.375,1749171.25,0.0,420989.4063,1436416.0,1969.83252,196983.0,True,Error - Correct Default Data,20.48,0.34,"(47.55475, -122.27596)",False,-3.0000000002416982e-05,0.0
130,2016,SPS-District K-12,K-12 School,McClure Middle,1915 1st Ave. W.,Seattle,WA,98119.0,1794501220,7,MAGNOLIA / QUEEN ANNE,47.63683,-122.35896,1964,1.0,2,93218,0,93218,K-12 School,K-12 School,93218.0,,,86.0,31.0,34.5,65.90000153,70.80000305,2887392.0,3216155.0,0.0,435743.8125,1486758.0,14006.33984,1400634.0,True,Error - Correct Default Data,84.75,0.91,"(47.63718, -122.35886)",False,0.00034999999999740794,9.99999999891088e-05
131,2016,NonResidential,Other,Lakeview,1208 NE 64th st,Seattle,WA,98115.0,1797500625,4,NORTHEAST,47.67524,-122.31534,1941,1.0,4,56521,0,56521,Other,Other,49000.0,,,,129.6999969,129.8999939,407.3999939,408.0,6357632.0,6367210.0,0.0,1863315.125,6357631.0,0.0,0.0,False,Compliant,44.32,0.78,"(47.67529, -122.31526)",False,4.99999999945544e-05,8.000000001118224e-05
132,2016,NonResidential,Other,Roosevelt Square,6417 Roosevelt Way NE # 18-28,Seattle,WA,98115.0,1797500715,4,NORTHEAST,47.67559,-122.31769,1929,1.0,2,206934,0,206934,"Other, Parking",Other,119146.0,Parking,0.0,,35.70000076,36.79999924,72.59999847,72.90000153,4253577.5,4384625.5,0.0,586489.8125,2001103.0,22524.74023,2252474.0,False,Compliant,133.58,0.65,,False,,
136,2016,NonResidential,Hotel,Holiday Inn Express North Seattle Shoreline,14115 Aurora Ave N,Seattle,WA,98133.0,1926049012,5,NORTHWEST,47.73141,-122.3458,2001,1.0,4,51390,0,51390,"Hotel, Parking",Hotel,51390.0,Parking,0.0,89.0,70.30000305,70.40000153,130.6999969,130.8999939,3611538.0,3616214.0,0.0,409815.0,1398289.0,22132.49023,2213249.0,False,Compliant,127.29,2.48,"(47.7314, -122.34578)",False,-9.999999996068709e-06,1.9999999992137418e-05
137,2016,SPS-District K-12,K-12 School,Broadview-Thomson K-8,13052 Greenwood Ave. N.,Seattle,WA,98133.0,1926049025,5,NORTHWEST,47.72463,-122.35315,1963,1.0,2,131013,0,131013,K-12 School,K-12 School,131909.0,,,88.0,29.5,32.5,59.09999847,62.90000153,3894584.5,4290831.5,0.0,520365.6875,1775488.0,21190.9668,2119097.0,True,Error - Correct Default Data,124.92,0.95,"(47.72463, -122.35333)",False,0.0,-0.00018000000000029104
138,2016,SPS-District K-12,K-12 School,Ingraham High,1819 N. 135th St.,Seattle,WA,98133.0,1926049321,5,NORTHWEST,47.7257,-122.33684,1959,1.0,1,245587,0,245587,K-12 School,K-12 School,245587.0,,,92.0,47.90000153,52.40000153,83.69999695,89.09999847,11765682.0,12870916.0,0.0,1150648.125,3926011.0,78396.69531,7839670.0,False,Compliant,443.73,1.81,"(47.72592, -122.33824)",False,0.00021999999999877673,-0.0014000000000038426
139,2016,NonResidential,Hotel,7066-Seattle-Northgate,13300 Stone Avenue N,Seattle,WA,98133.0,1926049434,5,NORTHWEST,47.72551,-122.3423,2002,1.0,3,69138,0,69138,Hotel,Hotel,70609.0,,,78.0,45.90000153,47.09999847,101.5999985,104.6999969,3242458.0,3323400.5,0.0,528396.6875,1802889.0,14395.68164,1439568.0,False,Compliant,89.02,1.29,"(47.72531, -122.3411)",False,-0.00019999999999953388,0.0011999999999972033
140,2016,SPS-District K-12,K-12 School,B.F. Day Elementary,3921 Linden Ave. N.,Seattle,WA,98103.0,1931301145,6,LAKE UNION,47.65464,-122.34912,1991,1.0,3,66588,0,66588,K-12 School,K-12 School,66588.0,,,,0.0,0.0,0.0,0.0,0.0,0.0,0.0,616730.8125,2104286.0,0.0,0.0,False,Missing Data,14.67,0.22,"(47.65516, -122.34915)",False,0.0005200000000016303,-2.9999999995311555e-05
144,2016,NonResidential,Hotel,Alexis Hotel,1007 First Ave.,Seattle,WA,98104.0,1974600035,7,DOWNTOWN,47.6048,-122.3368,1904,1.0,5,190980,0,190980,"Hotel, Parking",Hotel,190980.0,Parking,19051.0,98.0,34.09999847,34.09999847,84.0,84.0,6505995.0,6505995.0,0.0,1290419.25,4402910.0,21030.83984,2103084.0,False,Compliant,142.39,0.75,"(47.68009, -122.37893)",False,0.07529000000000252,-0.04213000000000022
145,2016,Nonresidential COS,Other,Benaroya Hall,200 University Street,Seattle,WA,98111.0,1974700025,7,DOWNTOWN,47.60804,-122.3367,1998,1.0,6,284100,0,284100,Other - Entertainment/Public Assembly,Other - Entertainment/Public Assembly,189750.0,,,,77.19999695,78.40000153,192.5,192.0,14641502.0,14881950.0,4311136.0,2873101.25,9803021.0,5273.430176,527343.0,False,Compliant,429.12,1.51,"(47.60812, -122.33697)",False,7.999999999697138e-05,-0.00027000000000043656
147,2016,NonResidential,Hospital,Swedish Ballard,5300 Tallman Ave NW,Seattle,WA,98107.0,2767703875,6,BALLARD,47.66737,-122.37956,1954,4.0,5,285333,0,285333,"Hospital (General Medical & Surgical), Parking",Hospital (General Medical & Surgical),302661.0,Parking,148865.0,14.0,225.0,157.3000031,479.5,251.8000031,68090728.0,47602720.0,0.0,10327434.0,35237205.0,328535.125,32853512.0,False,Compliant,1990.5,6.98,"(47.66841, -122.38049)",False,0.0010400000000032605,-0.0009299999999967667
148,2016,SPS-District K-12,K-12 School,West Woodland Elementary,5601 4th Ave. N.W.,Seattle,WA,98107.0,2768000375,6,Ballard,47.6706,-122.36225,1991,1.0,2,55513,0,55513,K-12 School,K-12 School,59097.0,,,93.0,25.60000038,27.10000038,80.40000153,85.0,1513570.75,1598852.625,0.0,443602.1875,1513571.0,0.0,0.0,True,Error - Correct Default Data,10.55,0.19,"(47.60383, -122.33006)",False,-0.06676999999999822,0.03218999999999994
163,2016,Nonresidential COS,Other,Fire Station 10/FAC/EOC,105 5th Ave S,Seattle,WA,98104.0,5247801465,2,DOWNTOWN,47.60112,-122.32785,2006,1.0,4,61156,0,61156,"Office, Other",Other,42755.0,Office,29219.0,,130.1000061,132.6999969,338.2999878,337.1000061,9363374.0,9550716.0,0.0,2036128.25,6947270.0,24161.04102,2416104.0,False,Compliant,176.75,2.89,"(47.60123, -122.32803)",False,0.00010999999999938836,-0.00018000000000029104
167,2016,NonResidential,Other,Wing Luke Museum,719 South King Street,Seattle,WA,98104.0,5247802715,2,DOWNTOWN,47.59809,-122.32283,1910,1.0,4,72820,13820,59000,Museum,Museum,58000.0,,,,34.70000076,36.09999847,83.69999695,85.19999695,2010454.625,2095175.25,0.0,384428.3125,1311669.0,6987.850098,698785.0,False,Compliant,46.26,0.64,"(47.59825, -122.32287)",False,0.0001600000000010482,-3.999999999848569e-05
168,2016,NonResidential,Hotel,Hampton Inn Seattle Center,700 5th Ave N.,Seattle,WA,98109.0,5458300285,7,MAGNOLIA / QUEEN ANNE,47.62614,-122.3467,1996,1.0,4,162222,14200,148022,"Hotel, Parking",Hotel,113702.0,Parking,32692.0,76.0,69.90000153,70.5,150.5,151.1999969,7946961.0,8016521.0,0.0,1230205.625,4197462.0,37494.98828,3749499.0,False,Compliant,228.4,1.41,"(47.62583, -122.34655)",False,-0.00030999999999892225,0.00015000000000497948
169,2016,SPS-District K-12,K-12 School,Franklin High,3013 S. Mt. Baker Blvd.,Seattle,WA,98144.0,5700000455,2,SOUTHEAST,47.57589,-122.29365,1990,1.0,4,289588,0,289588,K-12 School,K-12 School,289588.0,,,90.0,30.5,33.0,78.5,82.30000305,8819852.0,9542598.0,0.0,1890317.75,6449764.0,23700.86328,2370086.0,True,Error - Correct Default Data,170.84,0.59,"(47.57642, -122.29417)",False,0.000529999999997699,-0.0005199999999945248
170,2016,NonResidential,University,SCCC FINE ARTS BUILDING,801 E PINE ST,Seattle,WA,98122.0,6003000470,3,EAST,47.61495,-122.32177,1915,1.0,3,63330,0,63330,College/University,College/University,64820.0,,,,47.20000076,50.70000076,111.1999969,116.0,3059758.0,3284214.5,0.0,560100.6875,1911064.0,11486.94043,1148694.0,False,Compliant,74.33,1.17,"(47.61496, -122.32176)",False,1.0000000003174137e-05,1.0000000003174137e-05
172,2016,Campus,University,SSCC MAIN CAMPUS,6000 16th Ave SW,Seattle,WA,98106.0,6171900005,1,DELRIDGE,47.547,-122.35307,1970,27.0,2,441071,0,441071,College/University,College/University,483000.0,,,,79.30000305,85.19999695,192.8000031,202.6000061,38301744.0,41151732.0,0.0,7419277.5,25314575.0,129871.6641,12987166.0,False,Compliant,866.23,1.96,"(47.55263, -122.35271)",False,0.005630000000003577,0.0003600000000005821
173,2016,NonResidential,Small- and Mid-Sized Office,Seattle Children's Hospital 70th/Sand Point Way Administrative Offices,6901Sand Point Way NE,Seattle,WA,98115.0,6418100005,4,NORTHEAST,47.67828,-122.26456,2002,1.0,2,96300,0,96300,"Data Center, Office",Office,92300.0,Data Center,4944.0,,167.8000031,167.3999939,476.5,471.1000061,16319835.0,16274449.0,0.0,4095456.0,13973696.0,23461.37109,2346137.0,False,Compliant,222.02,2.31,,False,,
174,2016,Nonresidential COS,Other,CSC Vehicle Maintenance (E),805 S Charles St,Seattle,WA,98134.0,6834700175,2,GREATER DUWAMISH,47.59545,-122.32146,1950,1.0,1,67356,0,67356,"Repair Services (Vehicle, Shoe, Locksmith, etc)","Repair Services (Vehicle, Shoe, Locksmith, etc)",68359.0,,,,109.4000015,118.3000031,242.6999969,252.1000061,7475577.5,8086930.5,0.0,1225674.375,4182001.0,32935.76172,3293576.0,False,Compliant,204.08,3.03,"(47.59457, -122.3218)",False,-0.0008800000000022123,-0.0003399999999942338
175,2016,SPS-District K-12,K-12 School,Garfield High,400 23rd Ave.,Seattle,WA,98122.0,6840701230,3,CENTRAL,47.60598,-122.30156,2008,1.0,3,254523,0,254523,K-12 School,K-12 School,254523.0,,,60.0,53.29999924,58.20000076,120.3000031,126.3000031,13567774.0,14810159.0,0.0,2296326.25,7835065.0,57327.08203,5732708.0,True,Error - Correct Default Data,359.09,1.41,"(47.60501, -122.30176)",False,-0.0009700000000023579,-0.0002000000000066393
176,2016,SPS-District K-12,K-12 School,Emerson Elementary,9709 60th Ave. S.,Seattle,WA,98118.0,7129302300,2,SOUTHEAST,47.51482,-122.25864,2001,1.0,3,78804,0,78804,K-12 School,K-12 School,78804.0,,,92.0,31.70000076,34.0,76.90000153,79.30000305,2499140.0,2677620.75,0.0,482184.6875,1645214.0,8539.256836,853926.0,True,Error - Correct Default Data,56.82,0.72,"(47.51479, -122.25886)",False,-3.0000000002416982e-05,-0.00021999999999877673
177,2016,SPS-District K-12,K-12 School,Madrona K-8,1121 33rd Ave.,Seattle,WA,98122.0,7152200350,3,CENTRAL,47.61224,-122.29087,2002,1.0,3,66994,0,66994,K-12 School,K-12 School,66994.0,,,79.0,35.40000153,38.5,94.09999847,99.59999847,2371304.5,2579774.5,0.0,534831.5,1824845.0,5464.591797,546459.0,True,Error - Correct Default Data,41.74,0.62,"(47.61285, -122.29114)",False,0.0006100000000017758,-0.00027000000000043656
178,2016,SPS-District K-12,K-12 School,Van Asselt Elementary,8311 Beacon Ave S,Seattle,WA,98118.0,7243500230,2,GREATER DUWAMISH,47.52915,-122.28904,2000,1.0,3,98357,0,98357,K-12 School,K-12 School,98357.0,,,88.0,35.09999847,38.5,77.80000305,81.30000305,3456131.5,3783580.25,0.0,564791.125,1927067.0,15290.64063,1529064.0,True,Error - Correct Default Data,94.64,0.96,"(47.52876, -122.28873)",False,-0.00039000000000299906,0.00030999999999892225
179,2016,NonResidential,Small- and Mid-Sized Office,Seattle's Union Gospel Mission - Admin,3800 S Othello St,Seattle,WA,98118.0,7378600265,2,GREATER DUWAMISH,47.53827,-122.28406,1958,1.0,1,54765,0,54765,"Office, Other",Office,25765.0,Other,25000.0,,83.80000305,88.69999695,234.8999939,243.5,4253369.5,4503671.5,0.0,1046112.813,3569337.0,6840.320313,684032.0,False,Compliant,61.21,1.12,"(47.53827, -122.28404)",False,0.0,1.9999999992137418e-05
180,2016,NonResidential,Other,Hope Place,3802 S Othello St,Seattle,WA,98118.0,7378600265,2,GREATER DUWAMISH,47.53722,-122.284,2009,1.0,5,89821,0,89821,"Food Service, Office, Other - Lodging/Residential",Other - Lodging/Residential,46483.0,Office,37938.0,,21.89999962,25.0,24.60000038,27.89999962,1950092.5,2220796.5,0.0,19771.90039,67462.0,18826.30859,1882631.0,False,Compliant,100.46,1.12,"(47.53742, -122.28392)",False,0.00019999999999953388,8.000000001118224e-05
182,2016,NonResidential,University,Otto Miller Hall,3469 3rd Ave. W,Seattle,WA,98119.0,7443000070,7,MAGNOLIA / QUEEN ANNE,47.65147,-122.36122,1980,1.0,2,52611,0,52611,College/University,College/University,52611.0,,,,78.30000305,83.40000153,180.6999969,186.1000061,4116871.5,4390158.0,0.0,726633.375,2479273.0,16375.97852,1637598.0,False,Compliant,104.26,1.98,"(47.65145, -122.3614)",False,-2.0000000006348273e-05,-0.00018000000000029104
183,2016,NonResidential,Residence Hall,Emerson Hall,500 W. Emerson,Seattle,WA,98119.0,7443000375,7,MAGNOLIA / QUEEN ANNE,47.65068,-122.36331,2001,1.0,4,139600,37500,102100,Residence Hall/Dormitory,Residence Hall/Dormitory,135520.0,,,89.0,32.79999924,35.40000153,70.19999695,74.69999695,4448582.5,4800620.5,0.0,678868.1875,2316298.0,21322.83984,2132284.0,False,Compliant,129.39,0.93,"(47.65088, -122.36361)",False,0.00019999999999953388,-0.0002999999999957481
185,2016,SPS-District K-12,K-12 School,Nathan Hale High,17050 30th Ave. N.E.,Seattle,WA,98125.0,2826049152,5,NORTH,47.70763,-122.29453,2011,1.0,2,236758,0,236758,"K-12 School, Parking",K-12 School,238550.0,Parking,0.0,96.0,35.0,38.90000153,78.69999695,84.40000153,8355988.5,9287467.0,0.0,1403853.5,4789948.0,35660.39453,3566039.0,False,Compliant,222.78,0.94,,False,,
187,2016,NonResidential,Other,Youth Services Center,1211 E Alder Street,Seattle,WA,98122.0,2908700085,3,CENTRAL,47.60462,-122.31549,1971,3.0,6,250981,0,250981,"Courthouse, Other",Other,137565.0,Courthouse,78357.0,,60.5,65.69999695,145.6000061,151.8000031,13071700.0,14196194.0,4336524.5,2390094.5,8155002.0,5801.719727,580172.0,False,Compliant,422.39,1.68,"(47.6048, -122.31559)",False,0.00018000000000029104,-0.00010000000000331966
189,2016,SPS-District K-12,K-12 School,Greenwood Elementary,144 N.W. 80th St.,Seattle,WA,98117.0,2919200635,6,NORTHWEST,47.68725,-122.35996,2002,1.0,3,62526,0,62526,K-12 School,K-12 School,62526.0,,,96.0,31.79999924,35.09999847,70.59999847,75.30000305,1986094.875,2192411.0,0.0,326608.6875,1114389.0,8717.058594,871706.0,True,Error - Correct Default Data,54.07,0.86,"(47.60383, -122.33006)",False,-0.08341999999999672,0.029899999999997817
338,2016,NonResidential,Other,Jack R. McDonald Building,1900 9th Ave.,Seattle,WA,98101.0,660001215,7,DOWNTOWN,47.61598,-122.33448,2004,1.0,11,299070,68432,230638,Other,Other,250000.0,,,,261.2999878,264.0,530.7000122,532.2999878,65336980.0,66000296.0,0.0,8983483.0,30651644.0,346853.3125,34685331.0,False,Compliant,2055.82,6.87,"(47.6161, -122.3347)",False,0.0001200000000025625,-0.00021999999999877673
190,2016,NonResidential,Small- and Mid-Sized Office,Emerald Services,7343 E Marginal Way S,Seattle,WA,98108.0,2924049043,2,GREATER DUWAMISH,47.536,-122.31768,2007,1.0,3,64015,0,64015,"Non-Refrigerated Warehouse, Office, Other - Services",Office,30000.0,Non-Refrigerated Warehouse,15000.0,21.0,60.0,62.5,165.8000031,168.3999939,3242077.75,3375016.25,0.0,778834.0,2657382.0,5846.959961,584696.0,False,Compliant,49.58,0.77,"(47.53603, -122.31725)",False,2.9999999995311555e-05,0.0004299999999943793
194,2016,NonResidential,Retail Store,Northgate Mall,401 Northgate Way,Seattle,WA,98125.0,2926049025,5,NORTH,47.70759,-122.3255,1951,1.0,1,530039,0,530039,"Restaurant, Retail Store",Retail Store,505103.0,Restaurant,24936.0,98.0,52.29999924,54.29999924,118.9000015,121.0,27717034.0,28763498.0,0.0,4755137.5,16224529.0,114925.0313,11492503.0,False,Compliant,723.47,1.36,"(47.70798, -122.32615)",False,0.00038999999999589363,-0.000649999999993156
195,2016,NonResidential,Other,Seattle-Northgate,10631 8th Ave NE,Seattle,WA,98125.0,2926049409,5,NORTH,47.7066,-122.321,1964,1.0,3,54224,0,54224,Other/Specialty Hospital,Other/Specialty Hospital,47012.0,,,,154.5,163.1000061,311.0,321.0,7265178.0,7668810.0,0.0,980312.8125,3344827.0,39203.50391,3920350.0,False,Compliant,231.53,4.27,"(47.70656, -122.32147)",False,-3.999999999848569e-05,-0.00047000000000707587
197,2016,NonResidential,Retail Store,Nordstrom Northgate 002,401 NE Northgate Way,Seattle,WA,98125.0,2926049528,5,NORTH,47.70619,-122.32586,1965,1.0,4,124342,0,124342,Retail Store,Retail Store,122000.0,,,76.0,71.90000153,71.59999847,223.6999969,222.1000061,8765978.0,8729918.0,0.0,2536231.25,8653621.0,1123.560059,112356.0,False,Compliant,66.3,0.53,"(47.70798, -122.32615)",False,0.0017899999999997362,-0.000289999999992574
198,2016,NonResidential,Hospital,Seattle Children's Hospital Main Campus,4800 Sand Point Way NE,Seattle,WA,98105.0,2982800005,4,NORTHEAST,47.66231,-122.28146,1953,6.0,10,879000,0,879000,Hospital (General Medical & Surgical),Hospital (General Medical & Surgical),879000.0,,,10.0,288.7999878,293.2000122,578.2000122,576.5999756,253832464.0,257764208.0,0.0,33892500.0,115641210.0,1381912.375,138191238.0,False,Compliant,8145.52,9.27,"(47.66151, -122.28021)",False,-0.0007999999999981355,0.0012499999999988631
200,2016,NonResidential,Other,Verity Credit Union,11027 Meridian N #102,Seattle,WA,98133.0,3026049024,5,NORTHWEST,47.70956,-122.3345,1996,1.0,3,55442,0,55442,"Financial Office, Medical Office, Parking",Financial Office,28636.0,Parking,15385.0,72.0,85.59999847,88.90000153,194.1000061,197.6000061,3191228.25,3313397.0,0.0,544942.8125,1859345.0,13318.83008,1331883.0,False,Compliant,83.7,1.51,"(47.7096, -122.33505)",False,3.999999999848569e-05,-0.0005499999999898364
205,2016,SPS-District K-12,K-12 School,Ballard High,1418 N.W. 65th St.,Seattle,WA,98117.0,3050700050,6,BALLARD,47.67661,-122.37489,1999,1.0,2,242795,0,242795,K-12 School,K-12 School,242795.0,,,80.0,37.70000076,40.0,107.3000031,112.3000031,9157150.0,9708318.0,0.0,2303477.0,7859464.0,12976.84766,1297685.0,True,Error - Correct Default Data,123.71,0.51,"(47.60383, -122.33006)",False,-0.07277999999999452,0.04482999999999038
209,2016,NonResidential,Self-Storage Facility,Madison Self Storage,1111 E. Madison,Seattle,WA,98122.0,3225049002,3,EAST,47.61233,-122.3171,1910,1.0,5,84870,0,84870,Self-Storage Facility,Self-Storage Facility,85521.0,,,,16.20000076,18.89999962,28.79999924,31.70000076,1381590.125,1617801.25,0.0,141452.2031,482635.0,8989.550781,898955.0,False,Compliant,51.11,0.6,"(47.61247, -122.31743)",False,0.00014000000000180535,-0.0003300000000052705
211,2016,Campus,University,NSCC MAIN CAMPUS,9600 COLLEGE WAY N,Seattle,WA,98103.0,3226049021,5,NORTHWEST,47.69936,-122.33401,1970,11.0,2,694072,111625,582447,College/University,College/University,667335.0,,,,53.79999924,56.09999847,161.1999969,167.0,35891484.0,37410800.0,0.0,9803878.0,33450832.0,24406.47852,2440648.0,False,Compliant,362.82,0.52,"(47.69871, -122.33255)",False,-0.0006500000000002615,0.0014600000000086766
212,2016,SPS-District K-12,K-12 School,Aki Kurose Middle,3928 S. Graham St.,Seattle,WA,98118.0,3332501090,2,SOUTHEAST,47.54632,-122.28198,1952,1.0,2,173185,0,173185,K-12 School,K-12 School,173185.0,,,79.0,35.40000153,40.59999847,58.90000153,64.90000153,6127771.5,7034167.5,0.0,527763.0,1800727.0,43270.4375,4327044.0,True,Error - Correct Default Data,242.36,1.4,"(47.54659, -122.2821)",False,0.00027000000000043656,-0.00011999999999545707
214,2016,SPS-District K-12,K-12 School,Boren Building,5950 Delridge Way S.W.,Seattle,WA,98106.0,3438501230,1,DELRIDGE,47.54862,-122.36214,1963,1.0,1,145341,0,145341,K-12 School,K-12 School,139069.0,,,75.0,39.5,45.59999847,69.5,77.19999695,5499097.0,6337972.0,0.0,546590.625,1864967.0,36341.29688,3634130.0,True,Error - Correct Default Data,206.01,1.42,,False,,
215,2016,NonResidential,Warehouse,Rainier Bottling Plant,5628 Airport Way South,Seattle,WA,98108.0,3466800065,2,GREATER DUWAMISH,47.55152,-122.31869,1904,1.0,4,114297,0,114297,Non-Refrigerated Warehouse,Non-Refrigerated Warehouse,114297.0,,,61.0,18.39999962,21.10000038,36.0,39.70000076,2100097.75,2415462.5,0.0,267431.0,912475.0,11876.22949,1187623.0,False,Compliant,69.44,0.61,"(47.55152, -122.31869)",True,0.0,0.0
216,2016,SPS-District K-12,K-12 School,Rainier Beach High,8815 Seward Park Ave S.,Seattle,WA,98118.0,3524049149,2,SOUTHEAST,47.52407,-122.26586,1960,1.0,2,184125,0,184125,K-12 School,K-12 School,184125.0,,,86.0,47.79999924,54.70000076,84.19999695,92.30000305,8800292.0,10067991.0,0.0,879209.3125,2999862.0,58004.30078,5800430.0,True,Error - Correct Default Data,328.97,1.79,"(47.52528, -122.26785)",False,0.0012100000000003774,-0.0019899999999921647
217,2016,SPS-District K-12,K-12 School,Whitman Middle,9201 15th Ave. NW.,Seattle,WA,98117.0,3526039131,6,BALLARD,47.69675,-122.3776,1959,1.0,1,160270,0,160270,K-12 School,K-12 School,160270.0,,,,0.0,0.0,0.0,0.0,0.0,0.0,0.0,0.0,0.0,43189.17188,4318917.0,False,Missing Data,229.38,1.43,"(47.69587, -122.3773)",False,-0.0008800000000022123,0.0002999999999957481
220,2016,NonResidential,Warehouse,8109,4786 First Ave S,Seattle,WA,98134.0,3573700006,2,GREATER DUWAMISH,47.55901,-122.33328,1937,1.0,1,234144,0,234144,Non-Refrigerated Warehouse,Non-Refrigerated Warehouse,234144.0,,,87.0,28.79999924,33.59999847,42.0,47.09999847,6744317.0,7874958.5,0.0,385937.0,1316817.0,54275.0,5427500.0,False,Compliant,297.43,1.27,,False,,
223,2016,NonResidential,Retail Store,Westwood Village - Building A,2600 SW Barton St,Seattle,WA,98126.0,3624039009,1,DELRIDGE,47.52254,-122.36627,1966,1.0,1,64984,0,64984,Retail Store,Retail Store,65425.0,,,72.0,45.0,46.09999847,130.6999969,130.6999969,2944296.25,3016373.5,0.0,766027.8125,2613687.0,3306.090088,330609.0,False,Compliant,35.78,0.55,"(47.52161, -122.36754)",False,-0.0009299999999967667,-0.0012700000000052114
224,2016,NonResidential,Retail Store,Westwood Village - Building B,2600 SW Barton St,Seattle,WA,98126.0,3624039009,1,DELRIDGE,47.52254,-122.36627,1965,1.0,1,67745,0,67745,Retail Store,Retail Store,67782.0,,,37.0,136.1999969,141.5,223.8999939,227.3000031,9230223.0,9589728.0,0.0,769080.3125,2624102.0,66061.21094,6606121.0,False,Compliant,369.14,5.45,"(47.52161, -122.36754)",False,-0.0009299999999967667,-0.0012700000000052114
225,2016,SPS-District K-12,K-12 School,Denny/Sealth Campus,2601 SW Kenyon / 2600 SW Thistle,Seattle,WA,98126.0,3624039032,1,DELRIDGE,47.52915,-122.36511,2010,1.0,2,367884,0,367884,K-12 School,K-12 School,367884.0,,,97.0,33.29999924,36.09999847,81.59999847,85.90000153,12265516.0,13279344.0,0.0,2404753.75,8205020.0,40604.95703,4060496.0,False,Compliant,272.85,0.74,,False,,
226,2016,SPS-District K-12,K-12 School,Roxhill Elementary,9430 30th Ave. S.W.,Seattle,WA,98126.0,3624039057,1,DELRIDGE,47.51778,-122.37074,1958,1.0,1,46797,0,46797,K-12 School,K-12 School,46797.0,,,86.0,44.40000153,50.90000153,82.19999695,91.5,2075891.0,2380144.5,0.0,233647.0938,797204.0,12786.87207,1278687.0,True,Error - Correct Default Data,73.47,1.57,"(47.60383, -122.33006)",False,0.08605000000000018,0.04067999999999472
227,2016,SPS-District K-12,K-12 School,Washington Middle,2101 S. Jackson,Seattle,WA,98144.0,3646100540,3,CENTRAL,47.59796,-122.30415,1963,1.0,3,136188,0,136188,K-12 School,K-12 School,136188.0,,,,0.0,0.0,0.0,0.0,0.0,0.0,0.0,0.0,0.0,32178.77344,3217877.0,False,Missing Data,170.9,1.25,"(47.59815, -122.30371)",False,0.00018999999999635975,0.0004400000000117643
228,2016,NonResidential,Other,Webster Building,3014 NW 67th St.,Seattle,WA,98117.0,3693901110,6,BALLARD,47.67767,-122.39631,1973,1.0,3,56000,0,56000,Other,Other,56000.0,,,,33.09999847,37.29999924,66.19999695,70.69999695,1851260.5,2088978.125,0.0,247615.5938,844864.0,10063.95996,1006396.0,False,Compliant,59.34,1.06,"(47.6777, -122.39649)",False,3.0000000002416982e-05,-0.00018000000000029104
229,2016,SPS-District K-12,K-12 School,Martin Luther King Jr. Elementary,6725 45th Ave S,Seattle,WA,98118.0,3812400550,2,SOUTHEAST,47.54174,-122.27691,2004,1.0,2,67371,0,67371,K-12 School,K-12 School,67371.0,,,92.0,31.60000038,33.59999847,78.0,80.09999847,2128459.0,2260359.75,0.0,423604.5938,1445339.0,6831.19873,683120.0,True,Error - Correct Default Data,46.36,0.69,"(47.54178, -122.27711)",False,4.000000000559112e-05,-0.00019999999999242846
230,2016,NonResidential,Self-Storage Facility,U-Haul Moving and Storage of West Seattle,6343 35th Ave SW,Seattle,WA,98126.0,3874900040,1,SOUTHWEST,47.54508,-122.37737,1969,1.0,2,52088,0,52088,Self-Storage Facility,Self-Storage Facility,52088.0,,,,26.39999962,30.29999924,48.79999924,53.70000076,1377519.5,1576122.875,0.0,153506.7031,523765.0,8537.545898,853755.0,False,Compliant,48.99,0.94,"(47.54507, -122.37735)",False,-9.999999996068709e-06,1.9999999992137418e-05
231,2016,SPS-District K-12,K-12 School,Hamilton International Middle,1610 N. 41st St.,Seattle,WA,98103.0,4083301505,4,LAKE UNION,47.65708,-122.33803,2010,1.0,3,127776,0,127776,K-12 School,K-12 School,127776.0,,,75.0,37.20000076,39.09999847,100.0,103.5,4748137.0,4998584.5,0.0,1093179.875,3729930.0,10182.06738,1018207.0,True,Error - Correct Default Data,80.08,0.63,"(47.65697, -122.33768)",False,-0.00010999999999938836,0.00034999999999740794
232,2016,NonResidential,Hotel,Silver Cloud Inn,1150 Fairview Ave N,Seattle,WA,98109.0,4088802955,3,LAKE UNION,47.62972,-122.32906,1998,1.0,5,123920,30000,93920,"Hotel, Parking, Swimming Pool",Hotel,123920.0,Parking,30000.0,79.0,75.59999847,78.09999847,148.1999969,152.1999969,9373179.0,9676783.0,0.0,1195550.25,4079217.0,52939.60938,5293961.0,False,Compliant,309.6,2.5,"(47.62974, -122.32908)",False,1.9999999999242846e-05,-2.0000000006348273e-05
233,2016,Nonresidential COS,Other,Armory Building,860 Terry Ave N,Seattle,WA,98109.0,4088803210,3,LAKE UNION,47.62759,-122.33661,1900,1.0,1,50000,0,50000,Museum,Museum,43000.0,,,,175.6000061,184.6999969,368.8999939,373.7000122,7548807.0,7942537.5,0.0,1113108.0,3797924.0,37508.82031,3750882.0,False,Compliant,225.69,4.51,"(47.62761, -122.33662)",False,1.9999999999242846e-05,-1.0000000003174137e-05
234,2016,Nonresidential COS,Warehouse,SCL Roy Street Warehouse,802 Roy St,Seattle,WA,98109.0,4088803530,7,MAGNOLIA / QUEEN ANNE,47.62591,-122.34084,1926,1.0,2,50292,0,50292,"Non-Refrigerated Warehouse, Office, Other - Services, Residence Hall/Dormitory",Non-Refrigerated Warehouse,42345.0,Residence Hall/Dormitory,5000.0,,8.0,8.0,25.10000038,25.10000038,430473.6875,430473.6875,0.0,126164.6016,430474.0,0.0,0.0,False,Compliant,3.0,0.06,"(47.62561, -122.34075)",False,-0.0002999999999957481,9.000000000014552e-05
235,2016,NonResidential,Hotel,311jk-Seattle Downtown/Lake Union CY,925 Westlake Ave North,Seattle,WA,98109.0,4088803586,7,MAGNOLIA / QUEEN ANNE,47.62782,-122.34045,1998,1.0,7,207656,54341,153315,Hotel,Hotel,141591.0,,,76.0,78.90000153,83.0,164.5,171.3999939,11171988.0,11754087.0,0.0,1620980.875,5530787.0,56412.00391,5641200.0,False,Compliant,338.16,1.63,"(47.62759, -122.34033)",False,-0.00023000000000195087,0.00012000000000966793
237,2016,SPS-District K-12,K-12 School,Whittier Elementary,1320 NW 75th St.,Seattle,WA,98117.0,4240400005,6,BALLARD,47.68359,-122.37308,1999,1.0,2,67235,0,67235,K-12 School,K-12 School,67235.0,,,89.0,34.0,36.29999924,84.30000305,86.80000305,2284133.75,2443194.0,0.0,458595.4063,1564728.0,7194.061523,719406.0,True,Error - Correct Default Data,49.12,0.73,"(47.68342, -122.37353)",False,-0.00017000000000422233,-0.0004500000000007276
238,2016,Nonresidential COS,Small- and Mid-Sized Office,North Service Center,1300 N 97th ST,Seattle,WA,98103.0,4310701070,5,NORTHWEST,47.70044,-122.34136,1957,1.0,2,91130,0,91130,"Data Center, Distribution Center, Office, Other, Parking",Office,57968.0,Distribution Center,32881.0,,100.5,106.0999985,262.7000122,272.2000122,9472358.0,10005492.0,0.0,2079127.75,7093984.0,23783.73047,2378373.0,False,Compliant,175.77,1.93,"(47.69973, -122.34108)",False,-0.00070999999999799,0.00027999999998939984
239,2016,SPS-District K-12,K-12 School,Gatewood Elementary,4320 SW Myrtle,Seattle,WA,98136.0,4315700020,1,SOUTHWEST,47.54025,-122.3885,1991,1.0,3,58118,0,58118,K-12 School,K-12 School,59014.0,,,97.0,23.79999924,25.70000076,66.09999847,69.59999847,1407277.25,1519074.75,0.0,339524.3125,1158457.0,2488.200928,248820.0,True,Error - Correct Default Data,21.29,0.37,"(47.54022, -122.3891)",False,-3.0000000002416982e-05,-0.0006000000000057071
241,2016,NonResidential,Hotel,Hotel Nexus,2140 N. Northgate Way,Seattle,WA,98133.0,4468400005,5,NORTHWEST,47.70916,-122.33216,1968,1.0,4,64893,0,64893,Hotel,Hotel,64893.0,,,70.0,95.5,95.69999695,184.6999969,185.3999939,6197825.0,6211749.5,0.0,768038.625,2620548.0,35772.76953,3577277.0,False,Compliant,208.26,3.21,"(47.70923, -122.3326)",False,7.000000000090267e-05,-0.00043999999999755346
242,2016,SPS-District K-12,K-12 School,Olympic View Elementary,504 N.E. 95th St.,Seattle,WA,98115.0,5100404840,5,NORTH,47.69823,-122.32126,1989,1.0,2,52792,0,52792,K-12 School,K-12 School,55480.0,,,,0.0,0.0,0.0,0.0,0.0,0.0,0.0,0.0,0.0,0.0,0.0,False,Missing Data,0.0,0.0,"(47.60383, -122.33006)",False,-0.09440000000000026,-0.008800000000007913
243,2016,SPS-District K-12,K-12 School,Van Asselt Building - Old,7201 Beacon Ave. S.,Seattle,WA,98108.0,5129000050,2,GREATER DUWAMISH,47.53809,-122.29591,1925,1.0,1,70762,0,70762,K-12 School,K-12 School,70762.0,,,87.0,51.0,58.5,68.0,76.5,3606416.0,4138032.75,0.0,143935.0,491106.0,31153.0957,3115310.0,True,Error - Correct Default Data,168.88,2.39,"(47.53822, -122.29645)",False,0.00013000000000573664,-0.0005399999999866623
244,2016,NonResidential,Small- and Mid-Sized Office,Washington Park Building,76-80 S washington st,Seattle,WA,98104.0,5247800030,7,DOWNTOWN,47.60105,-122.33518,1900,1.0,3,44558,0,44558,"Office, Restaurant, Self-Storage Facility",Office,34416.0,Self-Storage Facility,7672.0,78.0,37.59999847,38.59999847,101.3000031,103.6999969,1677002.25,1722053.0,0.0,386177.4063,1317637.0,3593.650146,359365.0,False,Compliant,28.27,0.63,"(47.60089, -122.33424)",False,-0.0001600000000010482,0.0009399999999999409
245,2016,NonResidential,Other,CenturyLink,800 Occidental Ave. South,Seattle,WA,98134.0,7666204876,2,GREATER DUWAMISH,47.59544,-122.33159,1999,1.0,6,1585960,327680,1258280,"Other - Entertainment/Public Assembly, Parking",Other - Entertainment/Public Assembly,1585960.0,Parking,0.0,,37.70000076,39.20000076,104.6999969,106.3000031,59757440.0,62160304.0,0.0,14490010.0,49439914.0,103175.1797,10317518.0,False,Compliant,892.63,0.56,"(47.59535, -122.33164)",False,-9.000000000014552e-05,-4.999999998744897e-05
247,2016,Nonresidential COS,Distribution Center,SCL SSC Building A,3613 4th Ave S,Seattle,WA,98134.0,7666205660,2,GREATER DUWAMISH,47.57199,-122.32811,1924,1.0,2,179161,0,179161,"Data Center, Distribution Center, Office, Other",Distribution Center,117476.0,Office,37321.0,,52.20000076,56.29999924,156.3000031,167.6000061,9436408.0,10168523.0,0.0,2570956.75,8772104.0,6643.02002,664302.0,False,Compliant,96.43,0.54,"(47.56914, -122.33042)",False,-0.0028500000000022396,-0.002310000000008472
248,2016,Nonresidential COS,Warehouse,SCL SSC Building B,3613 4th Ave S,Seattle,WA,98134.0,7666205660,2,GREATER DUWAMISH,47.57199,-122.32811,1965,1.0,2,58640,0,58640,"Non-Refrigerated Warehouse, Office, Other, Other - Services",Non-Refrigerated Warehouse,40831.0,Other - Services,16735.0,,55.90000153,61.5,175.3999939,193.1999969,3928695.25,4327563.5,0.0,1151434.625,3928695.0,0.0,0.0,False,Compliant,27.39,0.47,"(47.56914, -122.33042)",False,-0.0028500000000022396,-0.002310000000008472
249,2016,NonResidential,Other,Safeco Field,1250 First Avenue South,Seattle,WA,98134.0,7666206483,2,GREATER DUWAMISH,47.59085,-122.33354,1999,1.0,3,1172127,0,1172127,Other - Entertainment/Public Assembly,Other - Entertainment/Public Assembly,1172127.0,,,,50.09999847,49.0,125.0999985,121.4000015,58761304.0,57406988.0,0.0,11905739.0,40622381.0,181389.2031,18138920.0,False,Compliant,1246.55,1.06,,False,,
250,2016,NonResidential,Hotel,Silver Cloud Hotel - Stadium,1046 1st Ave S,Seattle,WA,98134.0,7666206720,2,GREATER DUWAMISH,47.59269,-122.33372,2005,1.0,9,168449,14567,153882,"Food Service, Hotel, Parking",Hotel,135006.0,Parking,20600.0,64.0,88.19999695,89.19999695,183.0,182.6999969,12726789.0,12871628.0,0.0,1826563.0,6232233.0,64945.55078,6494555.0,False,Compliant,388.37,2.31,"(47.59257, -122.33351)",False,-0.00011999999999545707,0.0002099999999956026
257,2016,NonResidential,Warehouse,Harbor Island: Warehouse E - DNRP-SWD,3235 16TH AVE SW,Seattle,WA,98134.0,7666703020,1,GREATER DUWAMISH,47.57507,-122.35747,1916,0.0,4,79600,0,79600,Non-Refrigerated Warehouse,Non-Refrigerated Warehouse,79600.0,,,34.0,30.29999924,30.29999924,95.09999847,95.09999847,2411402.25,2411402.25,0.0,706741.5,2411402.0,0.0,0.0,False,Compliant,16.81,0.21,"(47.57473, -122.35603)",False,-0.0003399999999942338,0.0014400000000023283
260,2016,SPS-District K-12,K-12 School,Lincoln Building,4400 Interlake Ave N,Seattle,WA,98103.0,7821200700,4,LAKE UNION,47.65996,-122.33962,1997,1.0,4,241066,0,241066,K-12 School,K-12 School,241066.0,,,79.0,32.29999924,36.90000153,60.79999924,66.19999695,7791957.0,8886716.0,0.0,907478.3125,3096316.0,46956.40625,4695641.0,True,Error - Correct Default Data,270.97,1.12,"(47.65994, -122.33966)",False,-1.9999999999242846e-05,-3.999999999848569e-05
261,2016,Campus,Large Office,South Park,1420 S Trenton,Seattle,WA,98108.0,7883608601,1,GREATER DUWAMISH,47.52429,-122.31234,1980,14.0,2,334368,31874,302494,"Laboratory, Non-Refrigerated Warehouse, Office, Other - Utility",Office,240984.0,Laboratory,72963.0,,159.8999939,161.8999939,451.2000122,453.2999878,53466684.0,54136068.0,0.0,13282936.0,45321378.0,81453.0,8145300.0,False,Compliant,748.55,2.24,"(47.52379, -122.31128)",False,-0.0005000000000023874,0.0010600000000096088
263,2016,NonResidential,Other,Building 1,316 NE Thornton Place,Seattle,WA,98125.0,8632880000,5,NORTH,47.70281,-122.32532,2008,1.0,6,419848,335109,84739,"Fast Food Restaurant, Medical Office, Movie Theater, Parking, Retail Store",Parking,335109.0,Movie Theater,65000.0,,107.8000031,109.0,285.7000122,285.1000061,9134963.0,9238992.0,0.0,2050189.25,6995246.0,21397.16016,2139716.0,False,Compliant,162.41,0.39,"(47.70279, -122.32533)",False,-1.9999999999242846e-05,-9.999999988963282e-06
264,2016,NonResidential,Mixed Use Property,TriBeCa,516 1st Ave W,Seattle,WA,98119.0,8681450000,7,MAGNOLIA / QUEEN ANNE,47.6239,-122.35756,2002,1.0,4,110785,0,110785,"Financial Office, Multifamily Housing, Parking, Retail Store, Supermarket/Grocery Store",Multifamily Housing,58563.0,Supermarket/Grocery Store,48520.0,,95.30000305,98.09999847,291.3999939,299.0,10557910.0,10864032.0,0.0,2971733.5,10139555.0,4183.540039,418354.0,False,Compliant,92.91,0.84,"(47.62338, -122.35752)",False,-0.0005200000000016303,4.0000000012696546e-05
265,2016,Multifamily MR (5-9),Mid-Rise Multifamily,YWCA Opportunity Place,2024 3rd Avenue,Seattle,WA,98121.0,8729690000,7,DOWNTOWN,47.61316,-122.34153,2003,1.0,7,116947,0,116947,"Multifamily Housing, Office, Other - Lodging/Residential, Retail Store",Multifamily Housing,81740.0,Office,27403.0,,79.90000153,83.09999847,175.3999939,178.8000031,10040121.0,10442680.0,0.0,1612727.625,5502627.0,45374.94141,4537494.0,False,Compliant,279.35,2.39,"(47.61315, -122.34153)",False,-1.0000000003174137e-05,0.0
267,2016,NonResidential,Hotel,Grand Hyatt Seattle,721 Pine St,Seattle,WA,98101.0,6792120000,7,DOWNTOWN,47.61275,-122.3333,1999,1.0,0,934292,0,934292,"Hotel, Other, Parking, Restaurant, Retail Store",Hotel,495536.0,Parking,438756.0,,117.9000015,120.5,272.8999939,278.2000122,65047284.0,66502836.0,0.0,11536962.0,39364114.0,256831.625,25683162.0,False,Compliant,1638.46,1.75,"(47.61253, -122.33373)",False,-0.00021999999999877673,-0.0004300000000085902
268,2016,NonResidential,Hospital,Swedish Cherry Hill,500 17th Ave,Seattle,WA,98122.0,7942600331,3,CENTRAL,47.60705,-122.30966,1990,6.0,5,597519,0,597519,"Hospital (General Medical & Surgical), Parking",Hospital (General Medical & Surgical),601615.0,Parking,48607.0,34.0,238.3999939,244.8000031,454.3999939,459.2000122,143423024.0,147299056.0,0.0,17220084.0,58754927.0,846680.9375,84668094.0,False,Compliant,4906.33,8.21,"(47.60785, -122.31094)",False,0.0007999999999981355,-0.0012800000000083855
273,2016,SPS-District K-12,K-12 School,Highland Park Elementary,1012 S.W. Trenton St.,Seattle,WA,98106.0,7972603210,1,DELRIDGE,47.52518,-122.34828,1999,1.0,1,71714,0,71714,K-12 School,K-12 School,71714.0,,,87.0,33.09999847,34.5,91.40000153,93.90000153,2371358.0,2470597.75,0.0,569817.125,1944216.0,4271.419434,427142.0,True,Error - Correct Default Data,36.24,0.51,,False,,
274,2016,NonResidential,Warehouse,27020-Seattle / Stone Way North,3600 Stone Way North,Seattle,WA,98103.0,8033700250,4,LAKE UNION,47.65097,-122.34227,1991,1.0,3,75397,8161,67236,"Non-Refrigerated Warehouse, Parking",Non-Refrigerated Warehouse,67236.0,Parking,8161.0,91.0,8.199999809,8.5,21.70000076,22.10000038,549181.375,571637.5,0.0,124086.0,423381.0,1258.0,125800.0,False,Compliant,9.63,0.13,"(47.65082, -122.34225)",False,-0.00014999999999787406,1.9999999992137418e-05
276,2016,NonResidential,Hospital,Harborview Medical Center,325 9th Ave.,Seattle,WA,98104.0,8590900220,3,EAST,47.60399,-122.32377,2000,9.0,8,1158691,0,1158691,"Hospital (General Medical & Surgical), Parking",Hospital (General Medical & Surgical),1350182.0,Parking,387651.0,29.0,217.1000061,219.6999969,502.8999939,502.7999878,293090784.0,296671744.0,122575032.0,49438336.0,168683602.0,18321.29102,1832129.0,False,Compliant,10734.57,9.26,"(47.6043, -122.32407)",False,0.00030999999999892225,-0.00030000000000995897
278,2016,NonResidential,Senior Care Community,ID Village Square 1,802 S. Dearborn St.,Seattle,WA,98104.0,8592900105,2,DOWNTOWN,47.59626,-122.3218,1999,1.0,5,102796,12611,90185,"K-12 School, Medical Office, Office, Restaurant, Retail Store, Senior Care Community",Senior Care Community,55259.0,Medical Office,40091.0,,98.30000305,100.0,254.3000031,256.1000061,10105379.0,10281401.0,0.0,2177261.5,7428816.0,26765.61133,2676561.0,False,Compliant,193.94,1.89,"(47.59645, -122.32183)",False,0.00018999999999635975,-3.000000000952241e-05
279,2016,SPS-District K-12,K-12 School,West Seattle High,3000 California Ave SW,Seattle,WA,98116.0,8702100050,1,SOUTHWEST,47.57678,-122.38459,2002,1.0,2,208981,0,208981,K-12 School,K-12 School,208981.0,,,80.0,39.09999847,43.20000076,90.0,95.19999695,8164853.0,9030149.0,0.0,1434598.625,4894851.0,32700.02148,3270002.0,True,Error - Correct Default Data,207.79,0.99,"(47.57611, -122.38504)",False,-0.0006699999999995043,-0.0004500000000007276
280,2016,Multifamily MR (5-9),Mid-Rise Multifamily,Wintonia,1431 Minor Ave,Seattle,WA,98101.0,8725600350,7,EAST,47.6136,-122.32785,1909,1.0,6,51976,0,51976,Multifamily Housing,Multifamily Housing,50350.0,,,34.0,83.19999695,89.0,156.8000031,162.8999939,4189569.25,4480534.5,0.0,490372.4063,1673151.0,25164.1875,2516419.0,False,Compliant,145.31,2.8,"(47.61361, -122.32785)",False,1.0000000003174137e-05,0.0
281,2016,NonResidential,K-12 School,University HTS Grade School,5031 University Way NE,Seattle,WA,98105.0,8816400900,4,NORTHEAST,47.66568,-122.31368,1928,1.0,2,55653,0,55653,K-12 School,K-12 School,55500.0,,,98.0,24.79999924,28.79999924,26.29999924,30.5,1377627.0,1597907.25,0.0,1798.900024,6138.0,13714.89063,1371489.0,False,Compliant,72.88,1.31,"(47.66587, -122.31355)",False,0.00018999999999635975,0.0001299999999986312
282,2016,NonResidential,Hotel,Hotel Deca,4507 Brooklyn Ave NE,Seattle,WA,98105.0,8817400055,4,NORTHEAST,47.66151,-122.31457,1931,1.0,16,106860,0,106860,Hotel,Hotel,106860.0,,,49.0,111.6999969,118.0999985,186.8999939,190.6999969,11935719.0,12616417.0,0.0,1043886.875,3561742.0,83739.75781,8373976.0,False,Compliant,469.57,4.39,"(47.66143, -122.31464)",False,-7.999999999697138e-05,-6.999999999379725e-05
283,2016,NonResidential,Small- and Mid-Sized Office,Lake City Center,12360 Lake City Way NE,Seattle,WA,98125.0,8822900465,5,NORTH,47.71895,-122.29475,1972,1.0,5,50759,0,50759,"Office, Restaurant",Office,47079.0,Restaurant,3680.0,62.0,62.0,65.40000153,170.3999939,174.1000061,3147042.0,3321734.0,0.0,749863.125,2558533.0,5885.089844,588509.0,False,Compliant,49.09,0.97,"(47.71876, -122.29478)",False,-0.00018999999999635975,-3.000000000952241e-05
284,2016,NonResidential,Worship Facility,University Congregational United Church of Christ,4505 16TH AVE NE,Seattle,WA,98105.0,8823902255,4,NORTHEAST,47.66182,-122.31113,1952,1.0,2,56772,0,56772,Worship Facility,Worship Facility,56772.0,,,46.0,43.0,48.70000076,81.0,87.80000305,2439484.75,2762805.5,0.0,285789.1875,975113.0,14643.7207,1464372.0,False,Compliant,84.57,1.49,"(47.66185, -122.31117)",False,3.0000000002416982e-05,-3.999999999848569e-05
285,2016,NonResidential,Worship Facility,University Presbyterian Church,4540 15th Avenue NE,Seattle,WA,98105.0,8823902325,4,NORTHEAST,47.6626,-122.31164,1952,1.0,3,103000,0,103000,Worship Facility,Worship Facility,103000.0,,,42.0,47.09999847,52.29999924,96.90000153,102.4000015,4854429.5,5391782.0,0.0,685356.0,2338435.0,25159.94531,2515995.0,False,Compliant,149.93,1.46,"(47.66257, -122.31144)",False,-2.9999999995311555e-05,0.00019999999999242846
286,2016,SPS-District K-12,K-12 School,Roosevelt High,1410 N.E. 66th St.,Seattle,WA,98115.0,8826900005,4,NORTHEAST,47.67723,-122.31281,2006,1.0,3,269297,0,269297,K-12 School,K-12 School,269297.0,,,80.0,39.0,41.59999847,96.80000305,99.59999847,10498344.0,11208195.0,0.0,2111361.25,7203965.0,32943.78516,3294379.0,True,Error - Correct Default Data,225.19,0.84,"(47.60383, -122.33006)",False,-0.07339999999999947,-0.017250000000004206
287,2016,SPS-District K-12,K-12 School,Bryant Elementary,3311 N.E. 60th,Seattle,WA,98115.0,8827900180,4,NORTHEAST,47.67184,-122.29221,2001,1.0,3,75174,0,75174,K-12 School,K-12 School,75174.0,,,77.0,36.40000153,40.09999847,82.40000153,87.59999847,2733846.0,3011741.75,0.0,465868.5,1589543.0,11443.02246,1144302.0,True,Error - Correct Default Data,71.86,0.96,,False,,
289,2016,SPS-District K-12,K-12 School,Frantz Coe Elementary,2424 7th Ave W.,Seattle,WA,98119.0,9270200005,7,MAGNOLIA / QUEEN ANNE,47.64052,-122.3656,2003,1.0,3,75214,0,75214,K-12 School,K-12 School,75214.0,,,88.0,31.0,32.70000076,80.80000305,82.5,2334260.0,2457326.25,0.0,508113.9063,1733685.0,6005.752441,600575.0,True,Error - Correct Default Data,43.98,0.58,"(47.64068, -122.36561)",False,0.0001600000000010482,-1.0000000003174137e-05
290,2016,SPS-District K-12,K-12 School,Madison Middle,3429 45th Ave. S.W.,Seattle,WA,98116.0,9278300005,1,SOUTHWEST,47.57298,-122.39028,2005,1.0,3,134918,0,134918,K-12 School,K-12 School,134918.0,,,91.0,28.29999924,30.60000038,74.59999847,79.0,3822102.5,4135198.25,0.0,848506.625,2895105.0,9269.976563,926998.0,True,Error - Correct Default Data,69.42,0.51,"(47.60383, -122.33006)",False,0.030850000000000932,0.06022000000000105
291,2016,SPS-District K-12,K-12 School,Thurgood Marshall Elementary,2401 S. Irving St.,Seattle,WA,98144.0,9344400300,3,CENTRAL,47.59096,-122.29985,1991,1.0,2,64414,0,64414,K-12 School,K-12 School,65310.0,,,67.0,35.09999847,37.59999847,110.3000031,117.9000015,2295176.5,2453255.5,0.0,672677.6875,2295176.0,0.0,0.0,True,Error - Correct Default Data,16.0,0.25,"(47.59085, -122.29948)",False,-0.00010999999999938836,0.0003700000000037562
292,2016,SPS-District K-12,K-12 School,John Marshall Building,520 N.E. Ravenna Blvd.,Seattle,WA,98115.0,9528103775,6,NORTHWEST,47.67725,-122.32232,1927,1.0,3,92437,0,92437,K-12 School,K-12 School,92437.0,,,78.0,50.0,57.09999847,74.40000153,81.90000153,4626443.0,5280739.0,0.0,283665.3125,967866.0,36585.76953,3658577.0,True,Error - Correct Default Data,201.05,2.17,,False,,
293,2016,NonResidential,Other,ACT Theatre,700 Union St,Seattle,WA,98101.0,2141290000,7,DOWNTOWN,47.61103,-122.33238,1914,1.0,7,128766,0,128766,"Office, Other, Other - Entertainment/Public Assembly",Other - Entertainment/Public Assembly,109754.0,Other,12876.0,,47.0,47.0,142.3999939,142.3999939,6057410.0,6057410.0,0.0,1680143.5,5732650.0,3247.596436,324760.0,False,Compliant,57.21,0.44,"(47.61085, -122.33233)",False,-0.00018000000000029104,5.000000000165983e-05
294,2016,NonResidential,Residence Hall,Women's Residence at Seneca,1118 5th Avenue,Seattle,WA,98101.0,2301950000,7,DOWNTOWN,47.6079,-122.33266,1913,1.0,9,107572,0,107572,"Office, Residence Hall/Dormitory, Retail Store",Residence Hall/Dormitory,63934.0,Office,27143.0,76.0,54.79999924,57.79999924,113.5,117.0999985,5572503.0,5879083.0,3076446.5,731552.1875,2496056.0,0.0,0.0,False,Compliant,254.87,2.37,"(47.60788, -122.33281)",False,-1.9999999999242846e-05,-0.00014999999999076863
295,2016,NonResidential,Other,1122 3rd Ave,1122 3rd Ave,Seattle,WA,98101.0,2302700000,7,DOWNTOWN,47.60699,-122.33481,1955,1.0,15,230880,0,230880,Other,Other,203000.0,,,,306.3999939,303.7999878,962.0999756,954.0,62197176.0,61674856.0,0.0,18228948.0,62197171.0,0.0,0.0,False,Compliant,433.6,1.88,"(47.607, -122.33501)",False,9.999999996068709e-06,-0.00019999999999242846
296,2016,Multifamily LR (1-4),Low-Rise Multifamily,Cooper School Artist's Lofts,4408 Delridge Way SW,Seattle,WA,98106.0,3388120000,1,DELRIDGE,47.56379,-122.36301,1917,1.0,4,56617,0,56617,Multifamily Housing,Multifamily Housing,56617.0,,,15.0,35.09999847,38.59999847,80.80000305,88.40000153,1986611.375,2185550.5,0.0,349325.6875,1191899.0,7947.119629,794712.0,False,Compliant,50.52,0.89,"(47.56398, -122.36268)",False,0.00019000000000346517,0.0003300000000052705
297,2016,Multifamily MR (5-9),Mid-Rise Multifamily,LAKE CITY COURT,12730 33RD AVE NE,Seattle,WA,98125.0,3993000000,5,NORTH,47.72232,-122.29181,2009,1.0,6,56745,0,56745,Multifamily Housing,Multifamily Housing,43673.0,,,54.0,56.59999847,59.0,133.8999939,138.5,2473962.5,2574628.5,0.0,455824.8125,1555274.0,9186.879883,918688.0,False,Compliant,59.63,1.05,"(47.72231, -122.29185)",False,-1.0000000003174137e-05,-3.999999999848569e-05
299,2016,Multifamily LR (1-4),Low-Rise Multifamily,Othello Building,3815 S Othello St,Seattle,WA,98118.0,6434000000,2,GREATER DUWAMISH,47.53685,-122.28406,2003,1.0,4,67920,0,67920,"Medical Office, Multifamily Housing, Office, Retail Store",Multifamily Housing,24600.0,Medical Office,12917.0,,63.09999847,65.19999695,193.3999939,199.1999969,2772124.75,2864132.5,0.0,784061.125,2675217.0,969.0799561,96908.0,False,Compliant,23.8,0.35,"(47.53683, -122.28361)",False,-1.9999999999242846e-05,0.0004500000000007276
300,2016,SPS-District K-12,K-12 School,Cleveland STEM High,5511 15th Ave. S.,Seattle,WA,98108.0,7549802085,2,GREATER DUWAMISH,47.55237,-122.31391,2007,1.0,3,204961,0,204961,K-12 School,K-12 School,204961.0,,,94.0,40.0,43.59999847,88.09999847,92.0,8190809.0,8935423.0,0.0,1327293.75,4528726.0,36620.82031,3662082.0,True,Error - Correct Default Data,226.06,1.1,"(47.5523, -122.31483)",False,-7.000000000090267e-05,-0.0009199999999935926
302,2016,NonResidential,Other,Seattle ReadCntr (50/50),Readiness Center - Pier 91,Seattle,WA,98119.0,7666201147,7,MAGNOLIA / QUEEN ANNE,47.63965,-122.3783,1973,1.0,1,76086,0,76086,Other,Other,77810.0,,,,42.0,46.0,86.09999847,90.30000305,3267564.0,3576720.0,0.0,458196.3125,1563366.0,17041.97852,1704198.0,False,Compliant,101.41,1.33,,False,,
313,2016,NonResidential,Medical Office,BMR-201 Elliott Avenue LLC,201 Elliott Avenue West,Seattle,WA,98119.0,7666202190,7,MAGNOLIA / QUEEN ANNE,47.61972,-122.36033,1927,1.0,5,190000,39000,151000,"Medical Office, Office",Medical Office,146741.0,Office,9805.0,1.0,183.5,183.5,443.0,443.0,28731502.0,28731502.0,0.0,5493974.5,18745441.0,99860.58594,9986059.0,False,Compliant,661.04,3.48,"(47.61988, -122.36048)",False,0.0001600000000010482,-0.00014999999999076863
314,2016,NonResidential,Hotel,Edgewater Seattle,2411 Alaskan Way,Seattle,WA,98121.0,7666202317,7,DOWNTOWN,47.6124,-122.35075,1961,1.0,4,122309,0,122309,Hotel,Hotel,122309.0,,,8.0,208.1000061,213.6000061,326.6000061,330.2999878,25453690.0,26122018.0,0.0,1853028.5,6322533.0,191311.5469,19131155.0,False,Compliant,1060.13,8.67,"(47.61254, -122.35284)",False,0.00014000000000180535,-0.0020899999999954844
315,2016,Campus,Other,P66 Bell Harbor International Conference Center & Cruise Terminal.,2225 Alaskan Way,Seattle,WA,98125.0,7666202325,7,DOWNTOWN,47.61137,-122.34947,1995,4.0,3,215476,0,215476,Other,Other,217088.0,,,,110.5999985,113.3000031,248.8999939,251.8000031,24017770.0,24606366.0,0.0,4041281.75,13788853.0,102289.1641,10228916.0,False,Compliant,639.39,2.97,"(47.61172, -122.35032)",False,0.00034999999999740794,-0.0008499999999997954
316,2016,NonResidential,Hotel,337v2-Seattle Waterfront Marriott,2100 Alaskan Way,Seattle,WA,98121.0,7666202345,7,DOWNTOWN,47.61069,-122.34653,2003,1.0,8,254273,38800,215473,Hotel,Hotel,277000.0,,,29.0,96.19999695,96.90000153,204.8999939,205.0,26659244.0,26831896.0,0.0,4033863.5,13763542.0,128957.0,12895700.0,False,Compliant,780.84,3.07,"(47.6107, -122.34649)",False,1.0000000003174137e-05,3.999999999848569e-05
317,2016,Nonresidential COS,Other,Seattle Aquarium,1421 Alaskan Way,Seattle,WA,98101.0,7666202420,7,DOWNTOWN,47.60729,-122.34211,1980,1.0,2,69400,0,69400,Other - Entertainment/Public Assembly,Other - Entertainment/Public Assembly,69400.0,,,,213.6999969,219.5,541.7000122,547.7000122,14833476.0,15230290.0,0.0,3087447.25,10534370.0,42991.03906,4299104.0,False,Compliant,301.76,4.35,"(47.59003, -122.33774)",False,-0.017260000000000275,0.004370000000008645
318,2016,NonResidential,Mixed Use Property,Pier 54,1001 Alaskan Way,Seattle,WA,98104.0,7666202495,7,DOWNTOWN,47.6041,-122.33958,1900,1.0,1,62900,0,62900,"Other, Restaurant, Retail Store",Restaurant,32494.0,Other,29793.0,,158.3000031,165.6999969,286.7000122,294.6000061,10394330.0,10883874.0,0.0,1110179.625,3787933.0,66063.96875,6606397.0,False,Compliant,377.27,6.0,"(47.60432, -122.34003)",False,0.00021999999999877673,-0.0004500000000007276
319,2016,NonResidential,Small- and Mid-Sized Office,Daily Journal Building,83 Columbia St.,Seattle,WA,98104.0,7666202580,7,DOWNTOWN,47.60271,-122.33557,1914,1.0,4,56500,0,56500,"Office, Retail Store",Office,33000.0,Retail Store,7000.0,98.0,34.5,37.5,84.5,88.09999847,1380293.625,1500938.5,492761.8125,260120.7031,887532.0,0.0,0.0,False,Compliant,44.22,0.78,"(47.60277, -122.33561)",False,5.999999999772854e-05,-3.999999999848569e-05
